"Year","City","Population (in Lakhs) (2011)+","Type","Crime Rate"
"2014","Ahmedabad","63.5","Murder","1.2913385826772"
"2015","Ahmedabad","63.5","Murder","1.4803149606299"
"2016","Ahmedabad","63.5","Murder","1.6220472440945"
"2017","Ahmedabad","63.5","Murder","1.4173228346457"
"2018","Ahmedabad","63.5","Murder","1.5433070866142"
"2019","Ahmedabad","63.5","Murder","1.2755905511811"
"2020","Ahmedabad","63.5","Murder","1.1023622047244"
"2021","Ahmedabad","63.5","Murder","1.5275590551181"
"2014","Bengaluru","85","Murder","2.8352941176471"
"2015","Bengaluru","85","Murder","2.7647058823529"
"2016","Bengaluru","85","Murder","2.6941176470588"
"2017","Bengaluru","85","Murder","2.7647058823529"
"2018","Bengaluru","85","Murder","2.5647058823529"
"2019","Bengaluru","85","Murder","2.4"
"2020","Bengaluru","85","Murder","2.1058823529412"
"2021","Bengaluru","85","Murder","1.8235294117647"
"2014","Chennai","87","Murder","1.8505747126437"
"2015","Chennai","87","Murder","1.7126436781609"
"2016","Chennai","87","Murder","1.5287356321839"
"2017","Chennai","87","Murder","1.7701149425287"
"2018","Chennai","87","Murder","1.9770114942529"
"2019","Chennai","87","Murder","1.9770114942529"
"2020","Chennai","87","Murder","1.7241379310345"
"2021","Chennai","87","Murder","1.8505747126437"
"2014","Coimbatore","21.5","Murder","0.97674418604651"
"2015","Coimbatore","21.5","Murder","1.1627906976744"
"2016","Coimbatore","21.5","Murder","1.2558139534884"
"2017","Coimbatore","21.5","Murder","0.97674418604651"
"2018","Coimbatore","21.5","Murder","1.4418604651163"
"2019","Coimbatore","21.5","Murder","1.8139534883721"
"2020","Coimbatore","21.5","Murder","1.4418604651163"
"2021","Coimbatore","21.5","Murder","1.3953488372093"
"2014","Delhi","163.1","Murder","2.8939301042305"
"2015","Delhi","163.1","Murder","2.9429797670141"
"2016","Delhi","163.1","Murder","2.9368485591662"
"2017","Delhi","163.1","Murder","2.4524831391784"
"2018","Delhi","163.1","Murder","2.5505824647456"
"2019","Delhi","163.1","Murder","3.0962599632128"
"2020","Delhi","163.1","Murder","2.8264868179031"
"2021","Delhi","163.1","Murder","2.7835683629675"
"2014","Ghaziabad","23.6","Murder","3.0932203389831"
"2015","Ghaziabad","23.6","Murder","2.7542372881356"
"2016","Ghaziabad","23.6","Murder","2.5"
"2017","Ghaziabad","23.6","Murder","2.2033898305085"
"2018","Ghaziabad","23.6","Murder","2.2033898305085"
"2019","Ghaziabad","23.6","Murder","2.0338983050847"
"2020","Ghaziabad","23.6","Murder","0.97457627118644"
"2021","Ghaziabad","23.6","Murder","1.0593220338983"
"2014","Hyderabad","77.5","Murder","1.5225806451613"
"2015","Hyderabad","77.5","Murder","1.2258064516129"
"2016","Hyderabad","77.5","Murder","1.1096774193548"
"2017","Hyderabad","77.5","Murder","0.8258064516129"
"2018","Hyderabad","77.5","Murder","1.0451612903226"
"2019","Hyderabad","77.5","Murder","1.1096774193548"
"2020","Hyderabad","77.5","Murder","0.91612903225806"
"2021","Hyderabad","77.5","Murder","1.2645161290323"
"2014","Indore","21.7","Murder","4.0552995391705"
"2015","Indore","21.7","Murder","2.8110599078341"
"2016","Indore","21.7","Murder","2.6728110599078"
"2017","Indore","21.7","Murder","2.9493087557604"
"2018","Indore","21.7","Murder","2.6267281105991"
"2019","Indore","21.7","Murder","2.6267281105991"
"2020","Indore","21.7","Murder","2.9032258064516"
"2021","Indore","21.7","Murder","2.4884792626728"
"2014","Jaipur","30.7","Murder","3.5179153094463"
"2015","Jaipur","30.7","Murder","2.9315960912052"
"2016","Jaipur","30.7","Murder","3.1596091205212"
"2017","Jaipur","30.7","Murder","2.9315960912052"
"2018","Jaipur","30.7","Murder","3.1270358306189"
"2019","Jaipur","30.7","Murder","3.0293159609121"
"2020","Jaipur","30.7","Murder","3.0944625407166"
"2021","Jaipur","30.7","Murder","3.8436482084691"
"2014","Kanpur","29.2","Murder","1.9178082191781"
"2015","Kanpur","29.2","Murder","2.0205479452055"
"2016","Kanpur","29.2","Murder","2.3630136986301"
"2017","Kanpur","29.2","Murder","1.7465753424658"
"2018","Kanpur","29.2","Murder","1.7465753424658"
"2019","Kanpur","29.2","Murder","1.8150684931507"
"2020","Kanpur","29.2","Murder","1.4041095890411"
"2021","Kanpur","29.2","Murder","1.6438356164384"
"2014","Kochi","21.2","Murder","0.61320754716981"
"2015","Kochi","21.2","Murder","0.56603773584906"
"2016","Kochi","21.2","Murder","0.47169811320755"
"2017","Kochi","21.2","Murder","0.5188679245283"
"2018","Kochi","21.2","Murder","0.56603773584906"
"2019","Kochi","21.2","Murder","1.0377358490566"
"2020","Kochi","21.2","Murder","0.42452830188679"
"2021","Kochi","21.2","Murder","0.47169811320755"
"2014","Kolkata","141.1","Murder","0.52445074415308"
"2015","Kolkata","141.1","Murder","0.46066619418852"
"2016","Kolkata","141.1","Murder","0.55279943302622"
"2017","Kolkata","141.1","Murder","0.45357902197023"
"2018","Kolkata","141.1","Murder","0.38979447200567"
"2019","Kolkata","141.1","Murder","0.35435861091425"
"2020","Kolkata","141.1","Murder","0.3756201275691"
"2021","Kolkata","141.1","Murder","0.31892274982282"
"2014","Kozhikode","20.3","Murder","0.39408866995074"
"2015","Kozhikode","20.3","Murder","0.19704433497537"
"2016","Kozhikode","20.3","Murder","0.14778325123153"
"2017","Kozhikode","20.3","Murder","0.3448275862069"
"2018","Kozhikode","20.3","Murder","0.39408866995074"
"2019","Kozhikode","20.3","Murder","0.3448275862069"
"2020","Kozhikode","20.3","Murder","0.24630541871921"
"2021","Kozhikode","20.3","Murder","0.24630541871921"
"2014","Lucknow","29","Murder","3.6896551724138"
"2015","Lucknow","29","Murder","3.4137931034483"
"2016","Lucknow","29","Murder","3.3448275862069"
"2017","Lucknow","29","Murder","2.7241379310345"
"2018","Lucknow","29","Murder","2.8965517241379"
"2019","Lucknow","29","Murder","2.5862068965517"
"2020","Lucknow","29","Murder","2.7931034482759"
"2021","Lucknow","29","Murder","3.4827586206897"
"2014","Mumbai","184.1","Murder","0.99402498642042"
"2015","Mumbai","184.1","Murder","0.86909288430201"
"2016","Mumbai","184.1","Murder","0.79847908745247"
"2017","Mumbai","184.1","Murder","0.68984247691472"
"2018","Mumbai","184.1","Murder","0.89082020640956"
"2019","Mumbai","184.1","Murder","0.91254752851711"
"2020","Mumbai","184.1","Murder","0.80391091797936"
"2021","Mumbai","184.1","Murder","0.87995654535578"
"2014","Nagpur","25","Murder","4.12"
"2015","Nagpur","25","Murder","3.52"
"2016","Nagpur","25","Murder","3.68"
"2017","Nagpur","25","Murder","3.4"
"2018","Nagpur","25","Murder","2.88"
"2019","Nagpur","25","Murder","3.6"
"2020","Nagpur","25","Murder","3.88"
"2021","Nagpur","25","Murder","3.8"
"2014","Patna","20.5","Murder","10"
"2015","Patna","20.5","Murder","9.2682926829268"
"2016","Patna","20.5","Murder","9.5121951219512"
"2017","Patna","20.5","Murder","8.9268292682927"
"2018","Patna","20.5","Murder","4.4390243902439"
"2019","Patna","20.5","Murder","4.6829268292683"
"2020","Patna","20.5","Murder","3.8536585365854"
"2021","Patna","20.5","Murder","3.7073170731707"
"2014","Pune","50.5","Murder","2.7326732673267"
"2015","Pune","50.5","Murder","2.4752475247525"
"2016","Pune","50.5","Murder","2.5742574257426"
"2017","Pune","50.5","Murder","2.1782178217822"
"2018","Pune","50.5","Murder","1.4455445544554"
"2019","Pune","50.5","Murder","1.4653465346535"
"2020","Pune","50.5","Murder","1.5247524752475"
"2021","Pune","50.5","Murder","1.980198019802"
"2014","Surat","45.8","Murder","1.8558951965065"
"2015","Surat","45.8","Murder","1.9650655021834"
"2016","Surat","45.8","Murder","2.2270742358079"
"2017","Surat","45.8","Murder","1.943231441048"
"2018","Surat","45.8","Murder","2.3580786026201"
"2019","Surat","45.8","Murder","2.117903930131"
"2020","Surat","45.8","Murder","2.5327510917031"
"2021","Surat","45.8","Murder","2.6419213973799"
"2014","Ahmedabad","63.5","Kidnapping","5.7795275590551"
"2015","Ahmedabad","63.5","Kidnapping","5.2283464566929"
"2016","Ahmedabad","63.5","Kidnapping","5.9212598425197"
"2017","Ahmedabad","63.5","Kidnapping","4.1417322834646"
"2018","Ahmedabad","63.5","Kidnapping","4.3622047244094"
"2019","Ahmedabad","63.5","Kidnapping","3.9055118110236"
"2020","Ahmedabad","63.5","Kidnapping","2.8503937007874"
"2021","Ahmedabad","63.5","Kidnapping","2.8818897637795"
"2014","Bengaluru","85","Kidnapping","8.3294117647059"
"2015","Bengaluru","85","Kidnapping","9.1411764705882"
"2016","Bengaluru","85","Kidnapping","11.458823529412"
"2017","Bengaluru","85","Kidnapping","12.352941176471"
"2018","Bengaluru","85","Kidnapping","12.823529411765"
"2019","Bengaluru","85","Kidnapping","12.388235294118"
"2020","Bengaluru","85","Kidnapping","8.3764705882353"
"2021","Bengaluru","85","Kidnapping","9.5411764705882"
"2014","Chennai","87","Kidnapping","0.41379310344828"
"2015","Chennai","87","Kidnapping","0.42528735632184"
"2016","Chennai","87","Kidnapping","0.39080459770115"
"2017","Chennai","87","Kidnapping","0.62068965517241"
"2018","Chennai","87","Kidnapping","0.64367816091954"
"2019","Chennai","87","Kidnapping","0.5632183908046"
"2020","Chennai","87","Kidnapping","0.42528735632184"
"2021","Chennai","87","Kidnapping","0.81609195402299"
"2014","Coimbatore","21.5","Kidnapping","0.65116279069767"
"2015","Coimbatore","21.5","Kidnapping","0.46511627906977"
"2016","Coimbatore","21.5","Kidnapping","0.37209302325581"
"2017","Coimbatore","21.5","Kidnapping","0.23255813953488"
"2018","Coimbatore","21.5","Kidnapping","0.46511627906977"
"2019","Coimbatore","21.5","Kidnapping","0.32558139534884"
"2020","Coimbatore","21.5","Kidnapping","0.18604651162791"
"2021","Coimbatore","21.5","Kidnapping","0.51162790697674"
"2014","Delhi","163.1","Kidnapping","36.885346413243"
"2015","Delhi","163.1","Kidnapping","40.649908031882"
"2016","Delhi","163.1","Kidnapping","36.32740649908"
"2017","Delhi","163.1","Kidnapping","31.900674432863"
"2018","Delhi","163.1","Kidnapping","31.416309012876"
"2019","Delhi","163.1","Kidnapping","35.229920294298"
"2020","Delhi","163.1","Kidnapping","24.592274678112"
"2021","Delhi","163.1","Kidnapping","33.568362967505"
"2014","Ghaziabad","23.6","Kidnapping","11.694915254237"
"2015","Ghaziabad","23.6","Kidnapping","13.347457627119"
"2016","Ghaziabad","23.6","Kidnapping","15.593220338983"
"2017","Ghaziabad","23.6","Kidnapping","22.542372881356"
"2018","Ghaziabad","23.6","Kidnapping","23.177966101695"
"2019","Ghaziabad","23.6","Kidnapping","17.28813559322"
"2020","Ghaziabad","23.6","Kidnapping","3.3050847457627"
"2021","Ghaziabad","23.6","Kidnapping","2.1186440677966"
"2014","Hyderabad","77.5","Kidnapping","4.8258064516129"
"2015","Hyderabad","77.5","Kidnapping","4.2838709677419"
"2016","Hyderabad","77.5","Kidnapping","4.6322580645161"
"2017","Hyderabad","77.5","Kidnapping","4.4"
"2018","Hyderabad","77.5","Kidnapping","5.3032258064516"
"2019","Hyderabad","77.5","Kidnapping","6.6967741935484"
"2020","Hyderabad","77.5","Kidnapping","5.8193548387097"
"2021","Hyderabad","77.5","Kidnapping","6.6193548387097"
"2014","Indore","21.7","Kidnapping","20.230414746544"
"2015","Indore","21.7","Kidnapping","20.875576036866"
"2016","Indore","21.7","Kidnapping","17.649769585253"
"2017","Indore","21.7","Kidnapping","30.829493087558"
"2018","Indore","21.7","Kidnapping","24.101382488479"
"2019","Indore","21.7","Kidnapping","26.958525345622"
"2020","Indore","21.7","Kidnapping","21.47465437788"
"2021","Indore","21.7","Kidnapping","31.981566820277"
"2014","Jaipur","30.7","Kidnapping","21.270358306189"
"2015","Jaipur","30.7","Kidnapping","20.521172638436"
"2016","Jaipur","30.7","Kidnapping","18.534201954397"
"2017","Jaipur","30.7","Kidnapping","16.938110749186"
"2018","Jaipur","30.7","Kidnapping","17.491856677524"
"2019","Jaipur","30.7","Kidnapping","27.00325732899"
"2020","Jaipur","30.7","Kidnapping","17.328990228013"
"2021","Jaipur","30.7","Kidnapping","19.967426710098"
"2014","Kanpur","29.2","Kidnapping","7.9794520547945"
"2015","Kanpur","29.2","Kidnapping","8.8698630136986"
"2016","Kanpur","29.2","Kidnapping","14.006849315068"
"2017","Kanpur","29.2","Kidnapping","18.527397260274"
"2018","Kanpur","29.2","Kidnapping","18.527397260274"
"2019","Kanpur","29.2","Kidnapping","10"
"2020","Kanpur","29.2","Kidnapping","7.6369863013699"
"2021","Kanpur","29.2","Kidnapping","5.2054794520548"
"2014","Kochi","21.2","Kidnapping","0.18867924528302"
"2015","Kochi","21.2","Kidnapping","0.61320754716981"
"2016","Kochi","21.2","Kidnapping","0.66037735849057"
"2017","Kochi","21.2","Kidnapping","0.89622641509434"
"2018","Kochi","21.2","Kidnapping","0.5188679245283"
"2019","Kochi","21.2","Kidnapping","0.99056603773585"
"2020","Kochi","21.2","Kidnapping","0.70754716981132"
"2021","Kochi","21.2","Kidnapping","0.61320754716981"
"2014","Kolkata","141.1","Kidnapping","2.4309000708717"
"2015","Kolkata","141.1","Kidnapping","2.2111977321049"
"2016","Kolkata","141.1","Kidnapping","2.0552799433026"
"2017","Kolkata","141.1","Kidnapping","2.6506024096386"
"2018","Kolkata","141.1","Kidnapping","2.6789510985117"
"2019","Kolkata","141.1","Kidnapping","1.5591778880227"
"2020","Kolkata","141.1","Kidnapping","2.1828490432318"
"2021","Kolkata","141.1","Kidnapping","2.4521615875266"
"2014","Kozhikode","20.3","Kidnapping","0.098522167487685"
"2015","Kozhikode","20.3","Kidnapping","0.49261083743842"
"2016","Kozhikode","20.3","Kidnapping","0.3448275862069"
"2017","Kozhikode","20.3","Kidnapping","0.64039408866995"
"2018","Kozhikode","20.3","Kidnapping","0.935960591133"
"2019","Kozhikode","20.3","Kidnapping","1.3300492610837"
"2020","Kozhikode","20.3","Kidnapping","0.59113300492611"
"2021","Kozhikode","20.3","Kidnapping","1.0344827586207"
"2014","Lucknow","29","Kidnapping","12"
"2015","Lucknow","29","Kidnapping","9.8275862068966"
"2016","Lucknow","29","Kidnapping","31.862068965517"
"2017","Lucknow","29","Kidnapping","23.586206896552"
"2018","Lucknow","29","Kidnapping","38.344827586207"
"2019","Lucknow","29","Kidnapping","9.2758620689655"
"2020","Lucknow","29","Kidnapping","25.344827586207"
"2021","Lucknow","29","Kidnapping","26.655172413793"
"2014","Mumbai","184.1","Kidnapping","2.9386203150462"
"2015","Mumbai","184.1","Kidnapping","8.598587724063"
"2016","Mumbai","184.1","Kidnapping","10.586637696904"
"2017","Mumbai","184.1","Kidnapping","11.72732210755"
"2018","Mumbai","184.1","Kidnapping","11.960890820206"
"2019","Mumbai","184.1","Kidnapping","11.417707767518"
"2020","Mumbai","184.1","Kidnapping","6.3715372080391"
"2021","Mumbai","184.1","Kidnapping","8.6366105377512"
"2014","Nagpur","25","Kidnapping","5.8"
"2015","Nagpur","25","Kidnapping","14.2"
"2016","Nagpur","25","Kidnapping","20.36"
"2017","Nagpur","25","Kidnapping","19.76"
"2018","Nagpur","25","Kidnapping","19.92"
"2019","Nagpur","25","Kidnapping","21.44"
"2020","Nagpur","25","Kidnapping","13.36"
"2021","Nagpur","25","Kidnapping","16.6"
"2014","Patna","20.5","Kidnapping","29.219512195122"
"2015","Patna","20.5","Kidnapping","42.390243902439"
"2016","Patna","20.5","Kidnapping","40.09756097561"
"2017","Patna","20.5","Kidnapping","26.439024390244"
"2018","Patna","20.5","Kidnapping","39.317073170732"
"2019","Patna","20.5","Kidnapping","38.780487804878"
"2020","Patna","20.5","Kidnapping","20.829268292683"
"2021","Patna","20.5","Kidnapping","26.780487804878"
"2014","Pune","50.5","Kidnapping","4.5148514851485"
"2015","Pune","50.5","Kidnapping","14"
"2016","Pune","50.5","Kidnapping","16.851485148515"
"2017","Pune","50.5","Kidnapping","19.089108910891"
"2018","Pune","50.5","Kidnapping","12.594059405941"
"2019","Pune","50.5","Kidnapping","12.970297029703"
"2020","Pune","50.5","Kidnapping","8.6138613861386"
"2021","Pune","50.5","Kidnapping","11.306930693069"
"2014","Surat","45.8","Kidnapping","5.7423580786026"
"2015","Surat","45.8","Kidnapping","5.3930131004367"
"2016","Surat","45.8","Kidnapping","5.8951965065502"
"2017","Surat","45.8","Kidnapping","7.2489082969432"
"2018","Surat","45.8","Kidnapping","8.1441048034935"
"2019","Surat","45.8","Kidnapping","7.8165938864629"
"2020","Surat","45.8","Kidnapping","3.5589519650655"
"2021","Surat","45.8","Kidnapping","5.8951965065502"
"2014","Ahmedabad","63.5","Crime against women","21.590551181102"
"2015","Ahmedabad","63.5","Crime against women","16.803149606299"
"2016","Ahmedabad","63.5","Crime against women","17.732283464567"
"2017","Ahmedabad","63.5","Crime against women","22.125984251969"
"2018","Ahmedabad","63.5","Crime against women","22.299212598425"
"2019","Ahmedabad","63.5","Crime against women","25.716535433071"
"2020","Ahmedabad","63.5","Crime against women","24"
"2021","Ahmedabad","63.5","Crime against women","24.472440944882"
"2014","Bengaluru","85","Crime against women","36.470588235294"
"2015","Bengaluru","85","Crime against women","36.576470588235"
"2016","Bengaluru","85","Crime against women","40.141176470588"
"2017","Bengaluru","85","Crime against women","41.941176470588"
"2018","Bengaluru","85","Crime against women","40.317647058824"
"2019","Bengaluru","85","Crime against women","41.011764705882"
"2020","Bengaluru","85","Crime against women","32.117647058824"
"2021","Bengaluru","85","Crime against women","36.788235294118"
"2014","Chennai","87","Crime against women","10.413793103448"
"2015","Chennai","87","Crime against women","6.1264367816092"
"2016","Chennai","87","Crime against women","6.2528735632184"
"2017","Chennai","87","Crime against women","7.3793103448276"
"2018","Chennai","87","Crime against women","8.7471264367816"
"2019","Chennai","87","Crime against women","8.3103448275862"
"2020","Chennai","87","Crime against women","6.6206896551724"
"2021","Chennai","87","Crime against women","10.045977011494"
"2014","Coimbatore","21.5","Crime against women","4.8837209302326"
"2015","Coimbatore","21.5","Crime against women","5.0697674418605"
"2016","Coimbatore","21.5","Crime against women","4.7441860465116"
"2017","Coimbatore","21.5","Crime against women","3.5348837209302"
"2018","Coimbatore","21.5","Crime against women","4.9767441860465"
"2019","Coimbatore","21.5","Crime against women","3.953488372093"
"2020","Coimbatore","21.5","Crime against women","4.5116279069767"
"2021","Coimbatore","21.5","Crime against women","8.8372093023256"
"2014","Delhi","163.1","Crime against women","81.299816063765"
"2015","Delhi","163.1","Crime against women","82.783568362968"
"2016","Delhi","163.1","Crime against women","84.629061925199"
"2017","Delhi","163.1","Crime against women","70.766400980993"
"2018","Delhi","163.1","Crime against women","71.882280809319"
"2019","Delhi","163.1","Crime against women","79.1048436542"
"2020","Delhi","163.1","Crime against women","59.975475168608"
"2021","Delhi","163.1","Crime against women","85.726548129982"
"2014","Ghaziabad","23.6","Crime against women","43.516949152542"
"2015","Ghaziabad","23.6","Crime against women","38.305084745763"
"2016","Ghaziabad","23.6","Crime against women","43.686440677966"
"2017","Ghaziabad","23.6","Crime against women","49.406779661017"
"2018","Ghaziabad","23.6","Crime against women","47.796610169492"
"2019","Ghaziabad","23.6","Crime against women","33.601694915254"
"2020","Ghaziabad","23.6","Crime against women","14.449152542373"
"2021","Ghaziabad","23.6","Crime against women","25.042372881356"
"2014","Hyderabad","77.5","Crime against women","27.458064516129"
"2015","Hyderabad","77.5","Crime against women","31.612903225806"
"2016","Hyderabad","77.5","Crime against women","31.212903225806"
"2017","Hyderabad","77.5","Crime against women","29.316129032258"
"2018","Hyderabad","77.5","Crime against women","30.090322580645"
"2019","Hyderabad","77.5","Crime against women","35.548387096774"
"2020","Hyderabad","77.5","Crime against women","30.838709677419"
"2021","Hyderabad","77.5","Crime against women","39.354838709677"
"2014","Indore","21.7","Crime against women","43.364055299539"
"2015","Indore","21.7","Crime against women","42.811059907834"
"2016","Indore","21.7","Crime against women","48.617511520737"
"2017","Indore","21.7","Crime against women","62.165898617512"
"2018","Indore","21.7","Crime against women","73.410138248848"
"2019","Indore","21.7","Crime against women","80.875576036866"
"2020","Indore","21.7","Crime against women","62.027649769585"
"2021","Indore","21.7","Crime against women","82.672811059908"
"2014","Jaipur","30.7","Crime against women","79.087947882736"
"2015","Jaipur","30.7","Crime against women","71.693811074919"
"2016","Jaipur","30.7","Crime against women","68.078175895765"
"2017","Jaipur","30.7","Crime against women","60.488599348534"
"2018","Jaipur","30.7","Crime against women","66.123778501629"
"2019","Jaipur","30.7","Crime against women","111.30293159609"
"2020","Jaipur","30.7","Crime against women","77.166123778502"
"2021","Jaipur","30.7","Crime against women","92.084690553746"
"2014","Kanpur","29.2","Crime against women","29.417808219178"
"2015","Kanpur","29.2","Crime against women","27.979452054795"
"2016","Kanpur","29.2","Crime against women","35.958904109589"
"2017","Kanpur","29.2","Crime against women","53.904109589041"
"2018","Kanpur","29.2","Crime against women","53.904109589041"
"2019","Kanpur","29.2","Crime against women","45.034246575342"
"2020","Kanpur","29.2","Crime against women","36.164383561644"
"2021","Kanpur","29.2","Crime against women","30.616438356164"
"2014","Kochi","21.2","Crime against women","21.88679245283"
"2015","Kochi","21.2","Crime against women","19.245283018868"
"2016","Kochi","21.2","Crime against women","18.490566037736"
"2017","Kochi","21.2","Crime against women","25.235849056604"
"2018","Kochi","21.2","Crime against women","25.330188679245"
"2019","Kochi","21.2","Crime against women","23.207547169811"
"2020","Kochi","21.2","Crime against women","19.009433962264"
"2021","Kochi","21.2","Crime against women","25.047169811321"
"2014","Kolkata","141.1","Crime against women","16.676116229624"
"2015","Kolkata","141.1","Crime against women","13.656980864635"
"2016","Kolkata","141.1","Crime against women","11.998582565556"
"2017","Kolkata","141.1","Crime against women","13.997165131113"
"2018","Kolkata","141.1","Crime against women","15.421686746988"
"2019","Kolkata","141.1","Crime against women","10.446491849752"
"2020","Kolkata","141.1","Crime against women","14.181431608788"
"2021","Kolkata","141.1","Crime against women","12.636428065202"
"2014","Kozhikode","20.3","Crime against women","16.896551724138"
"2015","Kozhikode","20.3","Crime against women","17.881773399015"
"2016","Kozhikode","20.3","Crime against women","17.339901477833"
"2017","Kozhikode","20.3","Crime against women","17.093596059113"
"2018","Kozhikode","20.3","Crime against women","17.192118226601"
"2019","Kozhikode","20.3","Crime against women","23.300492610837"
"2020","Kozhikode","20.3","Crime against women","19.408866995074"
"2021","Kozhikode","20.3","Crime against women","31.133004926108"
"2014","Lucknow","29","Crime against women","43.448275862069"
"2015","Lucknow","29","Crime against women","50.379310344828"
"2016","Lucknow","29","Crime against women","76.034482758621"
"2017","Lucknow","29","Crime against women","85.103448275862"
"2018","Lucknow","29","Crime against women","94.344827586207"
"2019","Lucknow","29","Crime against women","83.620689655172"
"2020","Lucknow","29","Crime against women","90.896551724138"
"2021","Lucknow","29","Crime against women","74.51724137931"
"2014","Mumbai","184.1","Crime against women","21.586094513851"
"2015","Mumbai","184.1","Crime against women","26.175991309071"
"2016","Mumbai","184.1","Crime against women","27.854426941879"
"2017","Mumbai","184.1","Crime against women","29.619771863118"
"2018","Mumbai","184.1","Crime against women","32.906029331885"
"2019","Mumbai","184.1","Crime against women","35.41010320478"
"2020","Mumbai","184.1","Crime against women","24.894079304726"
"2021","Mumbai","184.1","Crime against women","30.108636610538"
"2014","Nagpur","25","Crime against women","32.56"
"2015","Nagpur","25","Crime against women","52.48"
"2016","Nagpur","25","Crime against women","55.16"
"2017","Nagpur","25","Crime against women","46.08"
"2018","Nagpur","25","Crime against women","43.32"
"2019","Nagpur","25","Crime against women","45.76"
"2020","Nagpur","25","Crime against women","36.8"
"2021","Nagpur","25","Crime against women","46.24"
"2014","Patna","20.5","Crime against women","50.292682926829"
"2015","Patna","20.5","Crime against women","65.365853658537"
"2016","Patna","20.5","Crime against women","62.634146341463"
"2017","Patna","20.5","Crime against women","42.439024390244"
"2018","Patna","20.5","Crime against women","46.634146341463"
"2019","Patna","20.5","Crime against women","47.853658536585"
"2020","Patna","20.5","Crime against women","24.146341463415"
"2021","Patna","20.5","Crime against women","23.756097560976"
"2014","Pune","50.5","Crime against women","26.277227722772"
"2015","Pune","50.5","Crime against women","39.287128712871"
"2016","Pune","50.5","Crime against women","42.19801980198"
"2017","Pune","50.5","Crime against women","40.237623762376"
"2018","Pune","50.5","Crime against women","29.326732673267"
"2019","Pune","50.5","Crime against women","27.524752475248"
"2020","Pune","50.5","Crime against women","20.891089108911"
"2021","Pune","50.5","Crime against women","32"
"2014","Surat","45.8","Crime against women","15.152838427948"
"2015","Surat","45.8","Crime against women","10.960698689956"
"2016","Surat","45.8","Crime against women","12.336244541485"
"2017","Surat","45.8","Crime against women","12.205240174672"
"2018","Surat","45.8","Crime against women","15.545851528384"
"2019","Surat","45.8","Crime against women","22.161572052402"
"2020","Surat","45.8","Crime against women","13.82096069869"
"2021","Surat","45.8","Crime against women","13.580786026201"
"2014","Ahmedabad","63.5","Crime against children","6.8818897637795"
"2015","Ahmedabad","63.5","Crime against children","9.5905511811024"
"2016","Ahmedabad","63.5","Crime against children","7.5748031496063"
"2017","Ahmedabad","63.5","Crime against children","9.4488188976378"
"2018","Ahmedabad","63.5","Crime against children","11.543307086614"
"2019","Ahmedabad","63.5","Crime against children","12.141732283465"
"2020","Ahmedabad","63.5","Crime against children","9.496062992126"
"2021","Ahmedabad","63.5","Crime against children","10.88188976378"
"2014","Bengaluru","85","Crime against children","12.505882352941"
"2015","Bengaluru","85","Crime against children","12.776470588235"
"2016","Bengaluru","85","Crime against children","15.682352941176"
"2017","Bengaluru","85","Crime against children","18.611764705882"
"2018","Bengaluru","85","Crime against children","21.352941176471"
"2019","Bengaluru","85","Crime against children","17.505882352941"
"2020","Bengaluru","85","Crime against children","12.976470588235"
"2021","Bengaluru","85","Crime against children","15.788235294118"
"2014","Chennai","87","Crime against children","2.3563218390805"
"2015","Chennai","87","Crime against children","2.2298850574713"
"2016","Chennai","87","Crime against children","2.6436781609195"
"2017","Chennai","87","Crime against children","2.8620689655172"
"2018","Chennai","87","Crime against children","8.9080459770115"
"2019","Chennai","87","Crime against children","8.4022988505747"
"2020","Chennai","87","Crime against children","3.5172413793103"
"2021","Chennai","87","Crime against children","6.2758620689655"
"2014","Coimbatore","21.5","Crime against children","1.0232558139535"
"2015","Coimbatore","21.5","Crime against children","1.7674418604651"
"2016","Coimbatore","21.5","Crime against children","3.2093023255814"
"2017","Coimbatore","21.5","Crime against children","1.4883720930233"
"2018","Coimbatore","21.5","Crime against children","1.8139534883721"
"2019","Coimbatore","21.5","Crime against children","2.093023255814"
"2020","Coimbatore","21.5","Crime against children","5.1627906976744"
"2021","Coimbatore","21.5","Crime against children","4.9302325581395"
"2014","Delhi","163.1","Crime against children","49.901900674433"
"2015","Delhi","163.1","Crime against children","49.264255058246"
"2016","Delhi","163.1","Crime against children","45.321888412017"
"2017","Delhi","163.1","Crime against children","41.961986511343"
"2018","Delhi","163.1","Crime against children","42.017167381974"
"2019","Delhi","163.1","Crime against children","46.382587369712"
"2020","Delhi","163.1","Crime against children","32.225628448804"
"2021","Delhi","163.1","Crime against children","43.096259963213"
"2014","Ghaziabad","23.6","Crime against children","8.0932203389831"
"2015","Ghaziabad","23.6","Crime against children","7.6271186440678"
"2016","Ghaziabad","23.6","Crime against children","5.5084745762712"
"2017","Ghaziabad","23.6","Crime against children","1.7796610169492"
"2018","Ghaziabad","23.6","Crime against children","3.6016949152542"
"2019","Ghaziabad","23.6","Crime against children","21.228813559322"
"2020","Ghaziabad","23.6","Crime against children","5.9322033898305"
"2021","Ghaziabad","23.6","Crime against children","5.7627118644068"
"2014","Hyderabad","77.5","Crime against children","5.9741935483871"
"2015","Hyderabad","77.5","Crime against children","6.2709677419355"
"2016","Hyderabad","77.5","Crime against children","5.2903225806452"
"2017","Hyderabad","77.5","Crime against children","4.9677419354839"
"2018","Hyderabad","77.5","Crime against children","6.3354838709677"
"2019","Hyderabad","77.5","Crime against children","6.5290322580645"
"2020","Hyderabad","77.5","Crime against children","6.0258064516129"
"2021","Hyderabad","77.5","Crime against children","8.0129032258065"
"2014","Indore","21.7","Crime against children","33.640552995392"
"2015","Indore","21.7","Crime against children","22.027649769585"
"2016","Indore","21.7","Crime against children","29.078341013825"
"2017","Indore","21.7","Crime against children","36.036866359447"
"2018","Indore","21.7","Crime against children","44.331797235023"
"2019","Indore","21.7","Crime against children","44.562211981567"
"2020","Indore","21.7","Crime against children","35.345622119816"
"2021","Indore","21.7","Crime against children","49.815668202765"
"2014","Jaipur","30.7","Crime against children","21.042345276873"
"2015","Jaipur","30.7","Crime against children","24.332247557003"
"2016","Jaipur","30.7","Crime against children","22.768729641694"
"2017","Jaipur","30.7","Crime against children","22.117263843648"
"2018","Jaipur","30.7","Crime against children","20.032573289902"
"2019","Jaipur","30.7","Crime against children","29.641693811075"
"2020","Jaipur","30.7","Crime against children","22.508143322476"
"2021","Jaipur","30.7","Crime against children","23.71335504886"
"2014","Kanpur","29.2","Crime against children","5.0342465753425"
"2015","Kanpur","29.2","Crime against children","5.1369863013699"
"2016","Kanpur","29.2","Crime against children","6.472602739726"
"2017","Kanpur","29.2","Crime against children","10.376712328767"
"2018","Kanpur","29.2","Crime against children","10.376712328767"
"2019","Kanpur","29.2","Crime against children","9.4520547945205"
"2020","Kanpur","29.2","Crime against children","7.0205479452055"
"2021","Kanpur","29.2","Crime against children","6.7123287671233"
"2014","Kochi","21.2","Crime against children","3.5377358490566"
"2015","Kochi","21.2","Crime against children","3.5849056603774"
"2016","Kochi","21.2","Crime against children","4.0566037735849"
"2017","Kochi","21.2","Crime against children","6.5094339622642"
"2018","Kochi","21.2","Crime against children","6.5566037735849"
"2019","Kochi","21.2","Crime against children","8.3018867924528"
"2020","Kochi","21.2","Crime against children","5.9433962264151"
"2021","Kochi","21.2","Crime against children","6.5094339622642"
"2014","Kolkata","141.1","Crime against children","2.4946846208363"
"2015","Kolkata","141.1","Crime against children","2.7002126151665"
"2016","Kolkata","141.1","Crime against children","2.2466335931963"
"2017","Kolkata","141.1","Crime against children","4.5570517363572"
"2018","Kolkata","141.1","Crime against children","4.0680368532955"
"2019","Kolkata","141.1","Crime against children","1.9985825655563"
"2020","Kolkata","141.1","Crime against children","3.4443656980865"
"2021","Kolkata","141.1","Crime against children","3.5223245924876"
"2014","Kozhikode","20.3","Crime against children","3.3497536945813"
"2015","Kozhikode","20.3","Crime against children","4.3349753694581"
"2016","Kozhikode","20.3","Crime against children","4.5320197044335"
"2017","Kozhikode","20.3","Crime against children","6.5024630541872"
"2018","Kozhikode","20.3","Crime against children","7.7339901477833"
"2019","Kozhikode","20.3","Crime against children","9.8029556650246"
"2020","Kozhikode","20.3","Crime against children","6.7487684729064"
"2021","Kozhikode","20.3","Crime against children","7.9802955665025"
"2014","Lucknow","29","Crime against children","5.0344827586207"
"2015","Lucknow","29","Crime against children","4.8275862068966"
"2016","Lucknow","29","Crime against children","32.965517241379"
"2017","Lucknow","29","Crime against children","23.206896551724"
"2018","Lucknow","29","Crime against children","24.344827586207"
"2019","Lucknow","29","Crime against children","10.689655172414"
"2020","Lucknow","29","Crime against children","20.827586206897"
"2021","Lucknow","29","Crime against children","21.827586206897"
"2014","Mumbai","184.1","Crime against children","7.9087452471483"
"2015","Mumbai","184.1","Crime against children","17.311243889191"
"2016","Mumbai","184.1","Crime against children","18.468223791418"
"2017","Mumbai","184.1","Crime against children","20.586637696904"
"2018","Mumbai","184.1","Crime against children","19.071156979902"
"2019","Mumbai","184.1","Crime against children","19.771863117871"
"2020","Mumbai","184.1","Crime against children","12.210755024443"
"2021","Mumbai","184.1","Crime against children","15.002715915263"
"2014","Nagpur","25","Crime against children","16.44"
"2015","Nagpur","25","Crime against children","27.72"
"2016","Nagpur","25","Crime against children","27.72"
"2017","Nagpur","25","Crime against children","29"
"2018","Nagpur","25","Crime against children","27.96"
"2019","Nagpur","25","Crime against children","31.72"
"2020","Nagpur","25","Crime against children","23.28"
"2021","Nagpur","25","Crime against children","37.44"
"2014","Patna","20.5","Crime against children","7.5609756097561"
"2015","Patna","20.5","Crime against children","9.3170731707317"
"2016","Patna","20.5","Crime against children","18.439024390244"
"2017","Patna","20.5","Crime against children","4.0975609756098"
"2018","Patna","20.5","Crime against children","4.9756097560976"
"2019","Patna","20.5","Crime against children","12.439024390244"
"2020","Patna","20.5","Crime against children","6.1951219512195"
"2021","Patna","20.5","Crime against children","6.6829268292683"
"2014","Pune","50.5","Crime against children","8.6534653465347"
"2015","Pune","50.5","Crime against children","21.683168316832"
"2016","Pune","50.5","Crime against children","23.366336633663"
"2017","Pune","50.5","Crime against children","26.435643564356"
"2018","Pune","50.5","Crime against children","17.366336633663"
"2019","Pune","50.5","Crime against children","18.772277227723"
"2020","Pune","50.5","Crime against children","13.168316831683"
"2021","Pune","50.5","Crime against children","16.534653465347"
"2014","Surat","45.8","Crime against children","8.6899563318777"
"2015","Surat","45.8","Crime against children","8.5807860262009"
"2016","Surat","45.8","Crime against children","9.061135371179"
"2017","Surat","45.8","Crime against children","11.484716157205"
"2018","Surat","45.8","Crime against children","23.471615720524"
"2019","Surat","45.8","Crime against children","16.812227074236"
"2020","Surat","45.8","Crime against children","9.1484716157205"
"2021","Surat","45.8","Crime against children","10.458515283843"
"2014","Ahmedabad","63.5","Crime Committed by Juveniles","3.3858267716535"
"2015","Ahmedabad","63.5","Crime Committed by Juveniles","2.4724409448819"
"2016","Ahmedabad","63.5","Crime Committed by Juveniles","4.0629921259843"
"2017","Ahmedabad","63.5","Crime Committed by Juveniles","6.3779527559055"
"2018","Ahmedabad","63.5","Crime Committed by Juveniles","5.5433070866142"
"2019","Ahmedabad","63.5","Crime Committed by Juveniles","4.6929133858268"
"2020","Ahmedabad","63.5","Crime Committed by Juveniles","7.6062992125984"
"2021","Ahmedabad","63.5","Crime Committed by Juveniles","6.0787401574803"
"2014","Bengaluru","85","Crime Committed by Juveniles","1.2588235294118"
"2015","Bengaluru","85","Crime Committed by Juveniles","1.5058823529412"
"2016","Bengaluru","85","Crime Committed by Juveniles","2.4117647058824"
"2017","Bengaluru","85","Crime Committed by Juveniles","2.5294117647059"
"2018","Bengaluru","85","Crime Committed by Juveniles","2.5764705882353"
"2019","Bengaluru","85","Crime Committed by Juveniles","1.9058823529412"
"2020","Bengaluru","85","Crime Committed by Juveniles","2.0117647058824"
"2021","Bengaluru","85","Crime Committed by Juveniles","2.0823529411765"
"2014","Chennai","87","Crime Committed by Juveniles","3.0229885057471"
"2015","Chennai","87","Crime Committed by Juveniles","3.1034482758621"
"2016","Chennai","87","Crime Committed by Juveniles","4.4942528735632"
"2017","Chennai","87","Crime Committed by Juveniles","6.5862068965517"
"2018","Chennai","87","Crime Committed by Juveniles","5.7701149425287"
"2019","Chennai","87","Crime Committed by Juveniles","7.4367816091954"
"2020","Chennai","87","Crime Committed by Juveniles","8.8850574712644"
"2021","Chennai","87","Crime Committed by Juveniles","5.7011494252874"
"2014","Coimbatore","21.5","Crime Committed by Juveniles","0.093023255813953"
"2015","Coimbatore","21.5","Crime Committed by Juveniles","2.5116279069767"
"2016","Coimbatore","21.5","Crime Committed by Juveniles","0.88372093023256"
"2017","Coimbatore","21.5","Crime Committed by Juveniles","1.5813953488372"
"2018","Coimbatore","21.5","Crime Committed by Juveniles","2.8837209302326"
"2019","Coimbatore","21.5","Crime Committed by Juveniles","1.3953488372093"
"2020","Coimbatore","21.5","Crime Committed by Juveniles","1.2558139534884"
"2021","Coimbatore","21.5","Crime Committed by Juveniles","0.88372093023256"
"2014","Delhi","163.1","Crime Committed by Juveniles","10.245248313918"
"2015","Delhi","163.1","Crime Committed by Juveniles","12.145922746781"
"2016","Delhi","163.1","Crime Committed by Juveniles","14.518700183936"
"2017","Delhi","163.1","Crime Committed by Juveniles","16.413243408952"
"2018","Delhi","163.1","Crime Committed by Juveniles","14.641324340895"
"2019","Delhi","163.1","Crime Committed by Juveniles","16.922133660331"
"2020","Delhi","163.1","Crime Committed by Juveniles","14.935622317597"
"2021","Delhi","163.1","Crime Committed by Juveniles","16.051502145923"
"2014","Ghaziabad","23.6","Crime Committed by Juveniles","1.0593220338983"
"2015","Ghaziabad","23.6","Crime Committed by Juveniles","0.63559322033898"
"2016","Ghaziabad","23.6","Crime Committed by Juveniles","0.29661016949153"
"2017","Ghaziabad","23.6","Crime Committed by Juveniles","0.84745762711864"
"2018","Ghaziabad","23.6","Crime Committed by Juveniles","0"
"2019","Ghaziabad","23.6","Crime Committed by Juveniles","0"
"2020","Ghaziabad","23.6","Crime Committed by Juveniles","0"
"2021","Ghaziabad","23.6","Crime Committed by Juveniles","0"
"2014","Hyderabad","77.5","Crime Committed by Juveniles","2.7870967741935"
"2015","Hyderabad","77.5","Crime Committed by Juveniles","1.2258064516129"
"2016","Hyderabad","77.5","Crime Committed by Juveniles","1.5612903225806"
"2017","Hyderabad","77.5","Crime Committed by Juveniles","3.1483870967742"
"2018","Hyderabad","77.5","Crime Committed by Juveniles","4.6838709677419"
"2019","Hyderabad","77.5","Crime Committed by Juveniles","4.5161290322581"
"2020","Hyderabad","77.5","Crime Committed by Juveniles","2.2193548387097"
"2021","Hyderabad","77.5","Crime Committed by Juveniles","2.541935483871"
"2014","Indore","21.7","Crime Committed by Juveniles","16.221198156682"
"2015","Indore","21.7","Crime Committed by Juveniles","23.271889400922"
"2016","Indore","21.7","Crime Committed by Juveniles","18.617511520737"
"2017","Indore","21.7","Crime Committed by Juveniles","13.824884792627"
"2018","Indore","21.7","Crime Committed by Juveniles","16.958525345622"
"2019","Indore","21.7","Crime Committed by Juveniles","16.359447004608"
"2020","Indore","21.7","Crime Committed by Juveniles","12.94930875576"
"2021","Indore","21.7","Crime Committed by Juveniles","9.5391705069124"
"2014","Jaipur","30.7","Crime Committed by Juveniles","11.661237785016"
"2015","Jaipur","30.7","Crime Committed by Juveniles","8.7947882736156"
"2016","Jaipur","30.7","Crime Committed by Juveniles","8.3061889250814"
"2017","Jaipur","30.7","Crime Committed by Juveniles","8.8925081433225"
"2018","Jaipur","30.7","Crime Committed by Juveniles","10.032573289902"
"2019","Jaipur","30.7","Crime Committed by Juveniles","10.814332247557"
"2020","Jaipur","30.7","Crime Committed by Juveniles","6.3843648208469"
"2021","Jaipur","30.7","Crime Committed by Juveniles","7.2312703583062"
"2014","Kanpur","29.2","Crime Committed by Juveniles","4.486301369863"
"2015","Kanpur","29.2","Crime Committed by Juveniles","0.27397260273973"
"2016","Kanpur","29.2","Crime Committed by Juveniles","0.47945205479452"
"2017","Kanpur","29.2","Crime Committed by Juveniles","0.30821917808219"
"2018","Kanpur","29.2","Crime Committed by Juveniles","0.30821917808219"
"2019","Kanpur","29.2","Crime Committed by Juveniles","0.34246575342466"
"2020","Kanpur","29.2","Crime Committed by Juveniles","0.51369863013699"
"2021","Kanpur","29.2","Crime Committed by Juveniles","0.41095890410959"
"2014","Kochi","21.2","Crime Committed by Juveniles","1.6509433962264"
"2015","Kochi","21.2","Crime Committed by Juveniles","1.9811320754717"
"2016","Kochi","21.2","Crime Committed by Juveniles","2.7358490566038"
"2017","Kochi","21.2","Crime Committed by Juveniles","2.4528301886792"
"2018","Kochi","21.2","Crime Committed by Juveniles","0.56603773584906"
"2019","Kochi","21.2","Crime Committed by Juveniles","0.47169811320755"
"2020","Kochi","21.2","Crime Committed by Juveniles","0.94339622641509"
"2021","Kochi","21.2","Crime Committed by Juveniles","1.0377358490566"
"2014","Kolkata","141.1","Crime Committed by Juveniles","0.4677533664068"
"2015","Kolkata","141.1","Crime Committed by Juveniles","0.36853295535081"
"2016","Kolkata","141.1","Crime Committed by Juveniles","0.13465627214741"
"2017","Kolkata","141.1","Crime Committed by Juveniles","0.24805102763997"
"2018","Kolkata","141.1","Crime Committed by Juveniles","0.16300496102055"
"2019","Kolkata","141.1","Crime Committed by Juveniles","0.25513819985826"
"2020","Kolkata","141.1","Crime Committed by Juveniles","0.68745570517364"
"2021","Kolkata","141.1","Crime Committed by Juveniles","0.17717930545712"
"2014","Kozhikode","20.3","Crime Committed by Juveniles","2.3645320197044"
"2015","Kozhikode","20.3","Crime Committed by Juveniles","3.8423645320197"
"2016","Kozhikode","20.3","Crime Committed by Juveniles","3.0541871921182"
"2017","Kozhikode","20.3","Crime Committed by Juveniles","1.871921182266"
"2018","Kozhikode","20.3","Crime Committed by Juveniles","1.2807881773399"
"2019","Kozhikode","20.3","Crime Committed by Juveniles","1.0837438423645"
"2020","Kozhikode","20.3","Crime Committed by Juveniles","0.39408866995074"
"2021","Kozhikode","20.3","Crime Committed by Juveniles","1.0837438423645"
"2014","Lucknow","29","Crime Committed by Juveniles","0"
"2015","Lucknow","29","Crime Committed by Juveniles","0.75862068965517"
"2016","Lucknow","29","Crime Committed by Juveniles","1.4137931034483"
"2017","Lucknow","29","Crime Committed by Juveniles","0.58620689655172"
"2018","Lucknow","29","Crime Committed by Juveniles","3.3448275862069"
"2019","Lucknow","29","Crime Committed by Juveniles","2.1724137931034"
"2020","Lucknow","29","Crime Committed by Juveniles","4.1379310344828"
"2021","Lucknow","29","Crime Committed by Juveniles","3.1034482758621"
"2014","Mumbai","184.1","Crime Committed by Juveniles","5.0298750678979"
"2015","Mumbai","184.1","Crime Committed by Juveniles","5.0950570342205"
"2016","Mumbai","184.1","Crime Committed by Juveniles","5.1385116784356"
"2017","Mumbai","184.1","Crime Committed by Juveniles","4.9646931015752"
"2018","Mumbai","184.1","Crime Committed by Juveniles","4.687669744704"
"2019","Mumbai","184.1","Crime Committed by Juveniles","3.3188484519283"
"2020","Mumbai","184.1","Crime Committed by Juveniles","1.8033677349267"
"2021","Mumbai","184.1","Crime Committed by Juveniles","1.8033677349267"
"2014","Nagpur","25","Crime Committed by Juveniles","9.56"
"2015","Nagpur","25","Crime Committed by Juveniles","11"
"2016","Nagpur","25","Crime Committed by Juveniles","16.16"
"2017","Nagpur","25","Crime Committed by Juveniles","19.52"
"2018","Nagpur","25","Crime Committed by Juveniles","12.2"
"2019","Nagpur","25","Crime Committed by Juveniles","14.76"
"2020","Nagpur","25","Crime Committed by Juveniles","10.96"
"2021","Nagpur","25","Crime Committed by Juveniles","14.04"
"2014","Patna","20.5","Crime Committed by Juveniles","6.0975609756098"
"2015","Patna","20.5","Crime Committed by Juveniles","6.9756097560976"
"2016","Patna","20.5","Crime Committed by Juveniles","5.219512195122"
"2017","Patna","20.5","Crime Committed by Juveniles","7.8536585365854"
"2018","Patna","20.5","Crime Committed by Juveniles","0.4390243902439"
"2019","Patna","20.5","Crime Committed by Juveniles","0.73170731707317"
"2020","Patna","20.5","Crime Committed by Juveniles","1.3658536585366"
"2021","Patna","20.5","Crime Committed by Juveniles","0.4390243902439"
"2014","Pune","50.5","Crime Committed by Juveniles","8.6534653465347"
"2015","Pune","50.5","Crime Committed by Juveniles","12.891089108911"
"2016","Pune","50.5","Crime Committed by Juveniles","14.831683168317"
"2017","Pune","50.5","Crime Committed by Juveniles","14.158415841584"
"2018","Pune","50.5","Crime Committed by Juveniles","9.5643564356436"
"2019","Pune","50.5","Crime Committed by Juveniles","5.9207920792079"
"2020","Pune","50.5","Crime Committed by Juveniles","4.8118811881188"
"2021","Pune","50.5","Crime Committed by Juveniles","5.7029702970297"
"2014","Surat","45.8","Crime Committed by Juveniles","6.1572052401747"
"2015","Surat","45.8","Crime Committed by Juveniles","5.764192139738"
"2016","Surat","45.8","Crime Committed by Juveniles","4.7379912663755"
"2017","Surat","45.8","Crime Committed by Juveniles","9.5196506550218"
"2018","Surat","45.8","Crime Committed by Juveniles","8.9301310043668"
"2019","Surat","45.8","Crime Committed by Juveniles","11.266375545852"
"2020","Surat","45.8","Crime Committed by Juveniles","6.5065502183406"
"2021","Surat","45.8","Crime Committed by Juveniles","7.7510917030568"
"2014","Ahmedabad","63.5","Crime against Senior Citizen","1.0708661417323"
"2015","Ahmedabad","63.5","Crime against Senior Citizen","0.26771653543307"
"2016","Ahmedabad","63.5","Crime against Senior Citizen","5.7007874015748"
"2017","Ahmedabad","63.5","Crime against Senior Citizen","8.4094488188976"
"2018","Ahmedabad","63.5","Crime against Senior Citizen","11.543307086614"
"2019","Ahmedabad","63.5","Crime against Senior Citizen","12.503937007874"
"2020","Ahmedabad","63.5","Crime against Senior Citizen","11.165354330709"
"2021","Ahmedabad","63.5","Crime against Senior Citizen","3.8425196850394"
"2014","Bengaluru","85","Crime against Senior Citizen","1.0470588235294"
"2015","Bengaluru","85","Crime against Senior Citizen","1.1764705882353"
"2016","Bengaluru","85","Crime against Senior Citizen","1.8352941176471"
"2017","Bengaluru","85","Crime against Senior Citizen","2.1647058823529"
"2018","Bengaluru","85","Crime against Senior Citizen","3.1647058823529"
"2019","Bengaluru","85","Crime against Senior Citizen","2.4588235294118"
"2020","Bengaluru","85","Crime against Senior Citizen","2.4705882352941"
"2021","Bengaluru","85","Crime against Senior Citizen","2.7882352941176"
"2014","Chennai","87","Crime against Senior Citizen","2.5402298850575"
"2015","Chennai","87","Crime against Senior Citizen","2.3333333333333"
"2016","Chennai","87","Crime against Senior Citizen","2.4137931034483"
"2017","Chennai","87","Crime against Senior Citizen","5.5632183908046"
"2018","Chennai","87","Crime against Senior Citizen","5.6896551724138"
"2019","Chennai","87","Crime against Senior Citizen","6.3448275862069"
"2020","Chennai","87","Crime against Senior Citizen","3.6896551724138"
"2021","Chennai","87","Crime against Senior Citizen","4.8620689655172"
"2014","Coimbatore","21.5","Crime against Senior Citizen","0.6046511627907"
"2015","Coimbatore","21.5","Crime against Senior Citizen","2.4186046511628"
"2016","Coimbatore","21.5","Crime against Senior Citizen","10.837209302326"
"2017","Coimbatore","21.5","Crime against Senior Citizen","5.2558139534884"
"2018","Coimbatore","21.5","Crime against Senior Citizen","4.6511627906977"
"2019","Coimbatore","21.5","Crime against Senior Citizen","3.0697674418605"
"2020","Coimbatore","21.5","Crime against Senior Citizen","1.4883720930233"
"2021","Coimbatore","21.5","Crime against Senior Citizen","2.093023255814"
"2014","Delhi","163.1","Crime against Senior Citizen","5.3648068669528"
"2015","Delhi","163.1","Crime against Senior Citizen","7.2103004291845"
"2016","Delhi","163.1","Crime against Senior Citizen","3.9362354383814"
"2017","Delhi","163.1","Crime against Senior Citizen","4.5125689760883"
"2018","Delhi","163.1","Crime against Senior Citizen","4.7210300429185"
"2019","Delhi","163.1","Crime against Senior Citizen","6.5971796443899"
"2020","Delhi","163.1","Crime against Senior Citizen","5.5548743102391"
"2021","Delhi","163.1","Crime against Senior Citizen","7.1489883507051"
"2014","Ghaziabad","23.6","Crime against Senior Citizen","0.29661016949153"
"2015","Ghaziabad","23.6","Crime against Senior Citizen","0.16949152542373"
"2016","Ghaziabad","23.6","Crime against Senior Citizen","0"
"2017","Ghaziabad","23.6","Crime against Senior Citizen","0.042372881355932"
"2018","Ghaziabad","23.6","Crime against Senior Citizen","0.042372881355932"
"2019","Ghaziabad","23.6","Crime against Senior Citizen","0"
"2020","Ghaziabad","23.6","Crime against Senior Citizen","0"
"2021","Ghaziabad","23.6","Crime against Senior Citizen","0"
"2014","Hyderabad","77.5","Crime against Senior Citizen","1.058064516129"
"2015","Hyderabad","77.5","Crime against Senior Citizen","0.61935483870968"
"2016","Hyderabad","77.5","Crime against Senior Citizen","0.51612903225806"
"2017","Hyderabad","77.5","Crime against Senior Citizen","0.18064516129032"
"2018","Hyderabad","77.5","Crime against Senior Citizen","0.3741935483871"
"2019","Hyderabad","77.5","Crime against Senior Citizen","2.4903225806452"
"2020","Hyderabad","77.5","Crime against Senior Citizen","2.1935483870968"
"2021","Hyderabad","77.5","Crime against Senior Citizen","4.0516129032258"
"2014","Indore","21.7","Crime against Senior Citizen","3.4101382488479"
"2015","Indore","21.7","Crime against Senior Citizen","3.0875576036866"
"2016","Indore","21.7","Crime against Senior Citizen","2.6728110599078"
"2017","Indore","21.7","Crime against Senior Citizen","3.1797235023041"
"2018","Indore","21.7","Crime against Senior Citizen","5.2534562211982"
"2019","Indore","21.7","Crime against Senior Citizen","4.6082949308756"
"2020","Indore","21.7","Crime against Senior Citizen","4.3778801843318"
"2021","Indore","21.7","Crime against Senior Citizen","5.7142857142857"
"2014","Jaipur","30.7","Crime against Senior Citizen","3.8110749185668"
"2015","Jaipur","30.7","Crime against Senior Citizen","3.8436482084691"
"2016","Jaipur","30.7","Crime against Senior Citizen","3.5179153094463"
"2017","Jaipur","30.7","Crime against Senior Citizen","0.84690553745928"
"2018","Jaipur","30.7","Crime against Senior Citizen","0.55374592833876"
"2019","Jaipur","30.7","Crime against Senior Citizen","0.78175895765472"
"2020","Jaipur","30.7","Crime against Senior Citizen","5.114006514658"
"2021","Jaipur","30.7","Crime against Senior Citizen","4.0065146579805"
"2014","Kanpur","29.2","Crime against Senior Citizen","0"
"2015","Kanpur","29.2","Crime against Senior Citizen","0"
"2016","Kanpur","29.2","Crime against Senior Citizen","0"
"2017","Kanpur","29.2","Crime against Senior Citizen","0"
"2018","Kanpur","29.2","Crime against Senior Citizen","0"
"2019","Kanpur","29.2","Crime against Senior Citizen","0"
"2020","Kanpur","29.2","Crime against Senior Citizen","0"
"2021","Kanpur","29.2","Crime against Senior Citizen","0"
"2014","Kochi","21.2","Crime against Senior Citizen","0.14150943396226"
"2015","Kochi","21.2","Crime against Senior Citizen","0.42452830188679"
"2016","Kochi","21.2","Crime against Senior Citizen","0.61320754716981"
"2017","Kochi","21.2","Crime against Senior Citizen","1.2735849056604"
"2018","Kochi","21.2","Crime against Senior Citizen","1.6037735849057"
"2019","Kochi","21.2","Crime against Senior Citizen","0.5188679245283"
"2020","Kochi","21.2","Crime against Senior Citizen","3.1603773584906"
"2021","Kochi","21.2","Crime against Senior Citizen","1.3207547169811"
"2014","Kolkata","141.1","Crime against Senior Citizen","0.11339475549256"
"2015","Kolkata","141.1","Crime against Senior Citizen","0.16300496102055"
"2016","Kolkata","141.1","Crime against Senior Citizen","0.18426647767541"
"2017","Kolkata","141.1","Crime against Senior Citizen","0.25513819985826"
"2018","Kolkata","141.1","Crime against Senior Citizen","0.31183557760454"
"2019","Kolkata","141.1","Crime against Senior Citizen","0.099220411055989"
"2020","Kolkata","141.1","Crime against Senior Citizen","0.1417434443657"
"2021","Kolkata","141.1","Crime against Senior Citizen","0.01417434443657"
"2014","Kozhikode","20.3","Crime against Senior Citizen","0.98522167487685"
"2015","Kozhikode","20.3","Crime against Senior Citizen","0.98522167487685"
"2016","Kozhikode","20.3","Crime against Senior Citizen","0.73891625615764"
"2017","Kozhikode","20.3","Crime against Senior Citizen","0.44334975369458"
"2018","Kozhikode","20.3","Crime against Senior Citizen","1.8226600985222"
"2019","Kozhikode","20.3","Crime against Senior Citizen","1.3300492610837"
"2020","Kozhikode","20.3","Crime against Senior Citizen","5.5665024630542"
"2021","Kozhikode","20.3","Crime against Senior Citizen","2.6108374384236"
"2014","Lucknow","29","Crime against Senior Citizen","0.17241379310345"
"2015","Lucknow","29","Crime against Senior Citizen","0.068965517241379"
"2016","Lucknow","29","Crime against Senior Citizen","0.51724137931034"
"2017","Lucknow","29","Crime against Senior Citizen","0.55172413793103"
"2018","Lucknow","29","Crime against Senior Citizen","0.24137931034483"
"2019","Lucknow","29","Crime against Senior Citizen","0.27586206896552"
"2020","Lucknow","29","Crime against Senior Citizen","1.5862068965517"
"2021","Lucknow","29","Crime against Senior Citizen","1.7931034482759"
"2014","Mumbai","184.1","Crime against Senior Citizen","5.1276480173819"
"2015","Mumbai","184.1","Crime against Senior Citizen","6.089082020641"
"2016","Mumbai","184.1","Crime against Senior Citizen","6.615969581749"
"2017","Mumbai","184.1","Crime against Senior Citizen","6.0564910374796"
"2018","Mumbai","184.1","Crime against Senior Citizen","5.6653992395437"
"2019","Mumbai","184.1","Crime against Senior Citizen","6.6865833785986"
"2020","Mumbai","184.1","Crime against Senior Citizen","4.5844649646931"
"2021","Mumbai","184.1","Crime against Senior Citizen","5.361216730038"
"2014","Nagpur","25","Crime against Senior Citizen","4.8"
"2015","Nagpur","25","Crime against Senior Citizen","7.08"
"2016","Nagpur","25","Crime against Senior Citizen","7.64"
"2017","Nagpur","25","Crime against Senior Citizen","4.84"
"2018","Nagpur","25","Crime against Senior Citizen","8.28"
"2019","Nagpur","25","Crime against Senior Citizen","4.24"
"2020","Nagpur","25","Crime against Senior Citizen","5.88"
"2021","Nagpur","25","Crime against Senior Citizen","10"
"2014","Patna","20.5","Crime against Senior Citizen","0.19512195121951"
"2015","Patna","20.5","Crime against Senior Citizen","0"
"2016","Patna","20.5","Crime against Senior Citizen","0"
"2017","Patna","20.5","Crime against Senior Citizen","0.34146341463415"
"2018","Patna","20.5","Crime against Senior Citizen","0"
"2019","Patna","20.5","Crime against Senior Citizen","0"
"2020","Patna","20.5","Crime against Senior Citizen","0"
"2021","Patna","20.5","Crime against Senior Citizen","0"
"2014","Pune","50.5","Crime against Senior Citizen","5.2871287128713"
"2015","Pune","50.5","Crime against Senior Citizen","3.1683168316832"
"2016","Pune","50.5","Crime against Senior Citizen","3.7425742574257"
"2017","Pune","50.5","Crime against Senior Citizen","3.5247524752475"
"2018","Pune","50.5","Crime against Senior Citizen","3.3465346534653"
"2019","Pune","50.5","Crime against Senior Citizen","4.4356435643564"
"2020","Pune","50.5","Crime against Senior Citizen","2.4356435643564"
"2021","Pune","50.5","Crime against Senior Citizen","2.970297029703"
"2014","Surat","45.8","Crime against Senior Citizen","2.4890829694323"
"2015","Surat","45.8","Crime against Senior Citizen","3.471615720524"
"2016","Surat","45.8","Crime against Senior Citizen","2.4017467248908"
"2017","Surat","45.8","Crime against Senior Citizen","2.8602620087336"
"2018","Surat","45.8","Crime against Senior Citizen","3.5152838427948"
"2019","Surat","45.8","Crime against Senior Citizen","5.0655021834061"
"2020","Surat","45.8","Crime against Senior Citizen","1.5065502183406"
"2021","Surat","45.8","Crime against Senior Citizen","1.4410480349345"
"2014","Ahmedabad","63.5","Crime against SC","1.0393700787402"
"2015","Ahmedabad","63.5","Crime against SC","0.94488188976378"
"2016","Ahmedabad","63.5","Crime against SC","1.511811023622"
"2017","Ahmedabad","63.5","Crime against SC","1.8740157480315"
"2018","Ahmedabad","63.5","Crime against SC","2.2834645669291"
"2019","Ahmedabad","63.5","Crime against SC","2.5354330708661"
"2020","Ahmedabad","63.5","Crime against SC","2.1417322834646"
"2021","Ahmedabad","63.5","Crime against SC","2.6456692913386"
"2014","Bengaluru","85","Crime against SC","1.8705882352941"
"2015","Bengaluru","85","Crime against SC","1.6470588235294"
"2016","Bengaluru","85","Crime against SC","2.4352941176471"
"2017","Bengaluru","85","Crime against SC","2.4588235294118"
"2018","Bengaluru","85","Crime against SC","1.6588235294118"
"2019","Bengaluru","85","Crime against SC","1.9529411764706"
"2020","Bengaluru","85","Crime against SC","1.5647058823529"
"2021","Bengaluru","85","Crime against SC","1.9529411764706"
"2014","Chennai","87","Crime against SC","0.18390804597701"
"2015","Chennai","87","Crime against SC","0.14942528735632"
"2016","Chennai","87","Crime against SC","0.11494252873563"
"2017","Chennai","87","Crime against SC","0.16091954022989"
"2018","Chennai","87","Crime against SC","0.057471264367816"
"2019","Chennai","87","Crime against SC","0.091954022988506"
"2020","Chennai","87","Crime against SC","0.13793103448276"
"2021","Chennai","87","Crime against SC","0.26436781609195"
"2014","Coimbatore","21.5","Crime against SC","0.41860465116279"
"2015","Coimbatore","21.5","Crime against SC","0.13953488372093"
"2016","Coimbatore","21.5","Crime against SC","0.13953488372093"
"2017","Coimbatore","21.5","Crime against SC","0.046511627906977"
"2018","Coimbatore","21.5","Crime against SC","0.046511627906977"
"2019","Coimbatore","21.5","Crime against SC","0"
"2020","Coimbatore","21.5","Crime against SC","0.13953488372093"
"2021","Coimbatore","21.5","Crime against SC","0.83720930232558"
"2014","Delhi","163.1","Crime against SC","0.42918454935622"
"2015","Delhi","163.1","Crime against SC","0.20232985898222"
"2016","Delhi","163.1","Crime against SC","0.28203556100552"
"2017","Delhi","163.1","Crime against SC","0.20846106683017"
"2018","Delhi","163.1","Crime against SC","0.1594114040466"
"2019","Delhi","163.1","Crime against SC","0.42305334150828"
"2020","Delhi","163.1","Crime against SC","0.40465971796444"
"2021","Delhi","163.1","Crime against SC","0.79705702023299"
"2014","Ghaziabad","23.6","Crime against SC","1.6101694915254"
"2015","Ghaziabad","23.6","Crime against SC","1.6525423728814"
"2016","Ghaziabad","23.6","Crime against SC","2.7118644067797"
"2017","Ghaziabad","23.6","Crime against SC","1.6949152542373"
"2018","Ghaziabad","23.6","Crime against SC","1.7372881355932"
"2019","Ghaziabad","23.6","Crime against SC","1.7796610169492"
"2020","Ghaziabad","23.6","Crime against SC","0.93220338983051"
"2021","Ghaziabad","23.6","Crime against SC","1.7796610169492"
"2014","Hyderabad","77.5","Crime against SC","2.0645161290323"
"2015","Hyderabad","77.5","Crime against SC","1.4967741935484"
"2016","Hyderabad","77.5","Crime against SC","1.7935483870968"
"2017","Hyderabad","77.5","Crime against SC","1.0064516129032"
"2018","Hyderabad","77.5","Crime against SC","1.5870967741935"
"2019","Hyderabad","77.5","Crime against SC","1.5096774193548"
"2020","Hyderabad","77.5","Crime against SC","1.6387096774194"
"2021","Hyderabad","77.5","Crime against SC","1.341935483871"
"2014","Indore","21.7","Crime against SC","2.7649769585253"
"2015","Indore","21.7","Crime against SC","2.5345622119816"
"2016","Indore","21.7","Crime against SC","1.6589861751152"
"2017","Indore","21.7","Crime against SC","1.6129032258065"
"2018","Indore","21.7","Crime against SC","1.7511520737327"
"2019","Indore","21.7","Crime against SC","1.5668202764977"
"2020","Indore","21.7","Crime against SC","1.8433179723502"
"2021","Indore","21.7","Crime against SC","2.3963133640553"
"2014","Jaipur","30.7","Crime against SC","9.6742671009772"
"2015","Jaipur","30.7","Crime against SC","9.6742671009772"
"2016","Jaipur","30.7","Crime against SC","7.1335504885993"
"2017","Jaipur","30.7","Crime against SC","2.7361563517915"
"2018","Jaipur","30.7","Crime against SC","5.8631921824104"
"2019","Jaipur","30.7","Crime against SC","11.172638436482"
"2020","Jaipur","30.7","Crime against SC","7.6547231270358"
"2021","Jaipur","30.7","Crime against SC","11.758957654723"
"2014","Kanpur","29.2","Crime against SC","5"
"2015","Kanpur","29.2","Crime against SC","3.2191780821918"
"2016","Kanpur","29.2","Crime against SC","3.6643835616438"
"2017","Kanpur","29.2","Crime against SC","4.6917808219178"
"2018","Kanpur","29.2","Crime against SC","4.6917808219178"
"2019","Kanpur","29.2","Crime against SC","5.7876712328767"
"2020","Kanpur","29.2","Crime against SC","5.5821917808219"
"2021","Kanpur","29.2","Crime against SC","5.6506849315068"
"2014","Kochi","21.2","Crime against SC","1.2264150943396"
"2015","Kochi","21.2","Crime against SC","0.94339622641509"
"2016","Kochi","21.2","Crime against SC","1.6509433962264"
"2017","Kochi","21.2","Crime against SC","0.99056603773585"
"2018","Kochi","21.2","Crime against SC","0.94339622641509"
"2019","Kochi","21.2","Crime against SC","0.75471698113208"
"2020","Kochi","21.2","Crime against SC","0.89622641509434"
"2021","Kochi","21.2","Crime against SC","0.61320754716981"
"2014","Kolkata","141.1","Crime against SC","0.063784549964564"
"2015","Kolkata","141.1","Crime against SC","0.070871722182849"
"2016","Kolkata","141.1","Crime against SC","0.063784549964564"
"2017","Kolkata","141.1","Crime against SC","0.099220411055989"
"2018","Kolkata","141.1","Crime against SC","0.099220411055989"
"2019","Kolkata","141.1","Crime against SC","0.077958894401134"
"2020","Kolkata","141.1","Crime against SC","0.12756909992913"
"2021","Kolkata","141.1","Crime against SC","0.12756909992913"
"2014","Kozhikode","20.3","Crime against SC","0.88669950738916"
"2015","Kozhikode","20.3","Crime against SC","1.2807881773399"
"2016","Kozhikode","20.3","Crime against SC","1.4285714285714"
"2017","Kozhikode","20.3","Crime against SC","1.5270935960591"
"2018","Kozhikode","20.3","Crime against SC","1.2807881773399"
"2019","Kozhikode","20.3","Crime against SC","1.1822660098522"
"2020","Kozhikode","20.3","Crime against SC","0.98522167487685"
"2021","Kozhikode","20.3","Crime against SC","1.5270935960591"
"2014","Lucknow","29","Crime against SC","2.1034482758621"
"2015","Lucknow","29","Crime against SC","5.0344827586207"
"2016","Lucknow","29","Crime against SC","9.0344827586207"
"2017","Lucknow","29","Crime against SC","10.310344827586"
"2018","Lucknow","29","Crime against SC","7.8965517241379"
"2019","Lucknow","29","Crime against SC","8.0689655172414"
"2020","Lucknow","29","Crime against SC","10.172413793103"
"2021","Lucknow","29","Crime against SC","9.2413793103448"
"2014","Mumbai","184.1","Crime against SC","0.19011406844106"
"2015","Mumbai","184.1","Crime against SC","0.18468223791418"
"2016","Mumbai","184.1","Crime against SC","0.16295491580663"
"2017","Mumbai","184.1","Crime against SC","0.16838674633351"
"2018","Mumbai","184.1","Crime against SC","0.17925040738729"
"2019","Mumbai","184.1","Crime against SC","0.24986420423683"
"2020","Mumbai","184.1","Crime against SC","0.19554589896795"
"2021","Mumbai","184.1","Crime against SC","0.25529603476372"
"2014","Nagpur","25","Crime against SC","1.32"
"2015","Nagpur","25","Crime against SC","1.08"
"2016","Nagpur","25","Crime against SC","1.16"
"2017","Nagpur","25","Crime against SC","0.84"
"2018","Nagpur","25","Crime against SC","0.96"
"2019","Nagpur","25","Crime against SC","1.92"
"2020","Nagpur","25","Crime against SC","1.68"
"2021","Nagpur","25","Crime against SC","1.4"
"2014","Patna","20.5","Crime against SC","12.146341463415"
"2015","Patna","20.5","Crime against SC","15.658536585366"
"2016","Patna","20.5","Crime against SC","11.756097560976"
"2017","Patna","20.5","Crime against SC","10.09756097561"
"2018","Patna","20.5","Crime against SC","4.7317073170732"
"2019","Patna","20.5","Crime against SC","5.3170731707317"
"2020","Patna","20.5","Crime against SC","3.4634146341463"
"2021","Patna","20.5","Crime against SC","3.219512195122"
"2014","Pune","50.5","Crime against SC","1.0891089108911"
"2015","Pune","50.5","Crime against SC","0.37623762376238"
"2016","Pune","50.5","Crime against SC","0.81188118811881"
"2017","Pune","50.5","Crime against SC","0.55445544554455"
"2018","Pune","50.5","Crime against SC","0.61386138613861"
"2019","Pune","50.5","Crime against SC","0.71287128712871"
"2020","Pune","50.5","Crime against SC","0.53465346534653"
"2021","Pune","50.5","Crime against SC","0.63366336633663"
"2014","Surat","45.8","Crime against SC","0.13100436681223"
"2015","Surat","45.8","Crime against SC","0.24017467248908"
"2016","Surat","45.8","Crime against SC","0.41484716157205"
"2017","Surat","45.8","Crime against SC","0.69868995633188"
"2018","Surat","45.8","Crime against SC","0.63318777292576"
"2019","Surat","45.8","Crime against SC","0.74235807860262"
"2020","Surat","45.8","Crime against SC","0.43668122270742"
"2021","Surat","45.8","Crime against SC","0.48034934497817"
"2014","Ahmedabad","63.5","Crime against ST","0.094488188976378"
"2015","Ahmedabad","63.5","Crime against ST","0.14173228346457"
"2016","Ahmedabad","63.5","Crime against ST","0.15748031496063"
"2017","Ahmedabad","63.5","Crime against ST","0.094488188976378"
"2018","Ahmedabad","63.5","Crime against ST","0.14173228346457"
"2019","Ahmedabad","63.5","Crime against ST","0.15748031496063"
"2020","Ahmedabad","63.5","Crime against ST","0.14173228346457"
"2021","Ahmedabad","63.5","Crime against ST","0.26771653543307"
"2014","Bengaluru","85","Crime against ST","0.094117647058824"
"2015","Bengaluru","85","Crime against ST","0.10588235294118"
"2016","Bengaluru","85","Crime against ST","0.11764705882353"
"2017","Bengaluru","85","Crime against ST","0.10588235294118"
"2018","Bengaluru","85","Crime against ST","0.16470588235294"
"2019","Bengaluru","85","Crime against ST","0.14117647058824"
"2020","Bengaluru","85","Crime against ST","0.15294117647059"
"2021","Bengaluru","85","Crime against ST","0.14117647058824"
"2014","Chennai","87","Crime against ST","0"
"2015","Chennai","87","Crime against ST","0"
"2016","Chennai","87","Crime against ST","0"
"2017","Chennai","87","Crime against ST","0"
"2018","Chennai","87","Crime against ST","0.011494252873563"
"2019","Chennai","87","Crime against ST","0"
"2020","Chennai","87","Crime against ST","0"
"2021","Chennai","87","Crime against ST","0"
"2014","Coimbatore","21.5","Crime against ST","0"
"2015","Coimbatore","21.5","Crime against ST","0"
"2016","Coimbatore","21.5","Crime against ST","0"
"2017","Coimbatore","21.5","Crime against ST","0"
"2018","Coimbatore","21.5","Crime against ST","0"
"2019","Coimbatore","21.5","Crime against ST","0"
"2020","Coimbatore","21.5","Crime against ST","0"
"2021","Coimbatore","21.5","Crime against ST","0"
"2014","Delhi","163.1","Crime against ST","0.012262415695892"
"2015","Delhi","163.1","Crime against ST","0.024524831391784"
"2016","Delhi","163.1","Crime against ST","0.012262415695892"
"2017","Delhi","163.1","Crime against ST","0.024524831391784"
"2018","Delhi","163.1","Crime against ST","0"
"2019","Delhi","163.1","Crime against ST","0.012262415695892"
"2020","Delhi","163.1","Crime against ST","0.006131207847946"
"2021","Delhi","163.1","Crime against ST","0.03065603923973"
"2014","Ghaziabad","23.6","Crime against ST","0"
"2015","Ghaziabad","23.6","Crime against ST","0"
"2016","Ghaziabad","23.6","Crime against ST","0"
"2017","Ghaziabad","23.6","Crime against ST","0"
"2018","Ghaziabad","23.6","Crime against ST","0"
"2019","Ghaziabad","23.6","Crime against ST","0"
"2020","Ghaziabad","23.6","Crime against ST","0"
"2021","Ghaziabad","23.6","Crime against ST","0"
"2014","Hyderabad","77.5","Crime against ST","0.24516129032258"
"2015","Hyderabad","77.5","Crime against ST","0.27096774193548"
"2016","Hyderabad","77.5","Crime against ST","0.27096774193548"
"2017","Hyderabad","77.5","Crime against ST","0.23225806451613"
"2018","Hyderabad","77.5","Crime against ST","0.32258064516129"
"2019","Hyderabad","77.5","Crime against ST","0.20645161290323"
"2020","Hyderabad","77.5","Crime against ST","0.33548387096774"
"2021","Hyderabad","77.5","Crime against ST","0.36129032258065"
"2014","Indore","21.7","Crime against ST","0.36866359447005"
"2015","Indore","21.7","Crime against ST","0.32258064516129"
"2016","Indore","21.7","Crime against ST","0.27649769585253"
"2017","Indore","21.7","Crime against ST","0.32258064516129"
"2018","Indore","21.7","Crime against ST","0.32258064516129"
"2019","Indore","21.7","Crime against ST","0.4147465437788"
"2020","Indore","21.7","Crime against ST","0.55299539170507"
"2021","Indore","21.7","Crime against ST","0.59907834101382"
"2014","Jaipur","30.7","Crime against ST","2.1172638436482"
"2015","Jaipur","30.7","Crime against ST","2.7687296416938"
"2016","Jaipur","30.7","Crime against ST","2.8664495114007"
"2017","Jaipur","30.7","Crime against ST","1.4983713355049"
"2018","Jaipur","30.7","Crime against ST","2.4755700325733"
"2019","Jaipur","30.7","Crime against ST","5.4723127035831"
"2020","Jaipur","30.7","Crime against ST","4.3648208469055"
"2021","Jaipur","30.7","Crime against ST","5.0488599348534"
"2014","Kanpur","29.2","Crime against ST","0"
"2015","Kanpur","29.2","Crime against ST","0"
"2016","Kanpur","29.2","Crime against ST","0"
"2017","Kanpur","29.2","Crime against ST","0"
"2018","Kanpur","29.2","Crime against ST","0"
"2019","Kanpur","29.2","Crime against ST","0"
"2020","Kanpur","29.2","Crime against ST","0"
"2021","Kanpur","29.2","Crime against ST","0"
"2014","Kochi","21.2","Crime against ST","0.094339622641509"
"2015","Kochi","21.2","Crime against ST","0.047169811320755"
"2016","Kochi","21.2","Crime against ST","0.094339622641509"
"2017","Kochi","21.2","Crime against ST","0"
"2018","Kochi","21.2","Crime against ST","0"
"2019","Kochi","21.2","Crime against ST","0.094339622641509"
"2020","Kochi","21.2","Crime against ST","0.094339622641509"
"2021","Kochi","21.2","Crime against ST","0.094339622641509"
"2014","Kolkata","141.1","Crime against ST","0"
"2015","Kolkata","141.1","Crime against ST","0.01417434443657"
"2016","Kolkata","141.1","Crime against ST","0.01417434443657"
"2017","Kolkata","141.1","Crime against ST","0"
"2018","Kolkata","141.1","Crime against ST","0.021261516654855"
"2019","Kolkata","141.1","Crime against ST","0.035435861091425"
"2020","Kolkata","141.1","Crime against ST","0.01417434443657"
"2021","Kolkata","141.1","Crime against ST","0"
"2014","Kozhikode","20.3","Crime against ST","0.049261083743842"
"2015","Kozhikode","20.3","Crime against ST","0"
"2016","Kozhikode","20.3","Crime against ST","0"
"2017","Kozhikode","20.3","Crime against ST","0"
"2018","Kozhikode","20.3","Crime against ST","0.049261083743842"
"2019","Kozhikode","20.3","Crime against ST","0"
"2020","Kozhikode","20.3","Crime against ST","0"
"2021","Kozhikode","20.3","Crime against ST","0.049261083743842"
"2014","Lucknow","29","Crime against ST","0"
"2015","Lucknow","29","Crime against ST","0"
"2016","Lucknow","29","Crime against ST","0"
"2017","Lucknow","29","Crime against ST","0"
"2018","Lucknow","29","Crime against ST","0"
"2019","Lucknow","29","Crime against ST","0"
"2020","Lucknow","29","Crime against ST","0"
"2021","Lucknow","29","Crime against ST","0"
"2014","Mumbai","184.1","Crime against ST","0.02172732210755"
"2015","Mumbai","184.1","Crime against ST","0.010863661053775"
"2016","Mumbai","184.1","Crime against ST","0.016295491580663"
"2017","Mumbai","184.1","Crime against ST","0.016295491580663"
"2018","Mumbai","184.1","Crime against ST","0"
"2019","Mumbai","184.1","Crime against ST","0.038022813688213"
"2020","Mumbai","184.1","Crime against ST","0.032590983161325"
"2021","Mumbai","184.1","Crime against ST","0.016295491580663"
"2014","Nagpur","25","Crime against ST","0.24"
"2015","Nagpur","25","Crime against ST","0.16"
"2016","Nagpur","25","Crime against ST","0.2"
"2017","Nagpur","25","Crime against ST","0.28"
"2018","Nagpur","25","Crime against ST","0"
"2019","Nagpur","25","Crime against ST","0.32"
"2020","Nagpur","25","Crime against ST","0.12"
"2021","Nagpur","25","Crime against ST","0.28"
"2014","Patna","20.5","Crime against ST","0"
"2015","Patna","20.5","Crime against ST","0"
"2016","Patna","20.5","Crime against ST","0"
"2017","Patna","20.5","Crime against ST","0"
"2018","Patna","20.5","Crime against ST","0"
"2019","Patna","20.5","Crime against ST","0"
"2020","Patna","20.5","Crime against ST","0"
"2021","Patna","20.5","Crime against ST","0"
"2014","Pune","50.5","Crime against ST","0"
"2015","Pune","50.5","Crime against ST","0.01980198019802"
"2016","Pune","50.5","Crime against ST","0.01980198019802"
"2017","Pune","50.5","Crime against ST","0.01980198019802"
"2018","Pune","50.5","Crime against ST","0.01980198019802"
"2019","Pune","50.5","Crime against ST","0"
"2020","Pune","50.5","Crime against ST","0.01980198019802"
"2021","Pune","50.5","Crime against ST","0.03960396039604"
"2014","Surat","45.8","Crime against ST","0.24017467248908"
"2015","Surat","45.8","Crime against ST","0.17467248908297"
"2016","Surat","45.8","Crime against ST","0.19650655021834"
"2017","Surat","45.8","Crime against ST","0.21834061135371"
"2018","Surat","45.8","Crime against ST","0.28384279475983"
"2019","Surat","45.8","Crime against ST","0.41484716157205"
"2020","Surat","45.8","Crime against ST","0.26200873362445"
"2021","Surat","45.8","Crime against ST","0.41484716157205"
"2014","Ahmedabad","63.5","Economic Offences","6.2834645669291"
"2015","Ahmedabad","63.5","Economic Offences","5.9527559055118"
"2016","Ahmedabad","63.5","Economic Offences","7.5433070866142"
"2017","Ahmedabad","63.5","Economic Offences","9.5748031496063"
"2018","Ahmedabad","63.5","Economic Offences","13.259842519685"
"2019","Ahmedabad","63.5","Economic Offences","13.543307086614"
"2020","Ahmedabad","63.5","Economic Offences","11.55905511811"
"2021","Ahmedabad","63.5","Economic Offences","12.047244094488"
"2014","Bengaluru","85","Economic Offences","37.929411764706"
"2015","Bengaluru","85","Economic Offences","41.4"
"2016","Bengaluru","85","Economic Offences","41.235294117647"
"2017","Bengaluru","85","Economic Offences","40.741176470588"
"2018","Bengaluru","85","Economic Offences","38.129411764706"
"2019","Bengaluru","85","Economic Offences","33.529411764706"
"2020","Bengaluru","85","Economic Offences","24.529411764706"
"2021","Bengaluru","85","Economic Offences","31.941176470588"
"2014","Chennai","87","Economic Offences","8.0459770114943"
"2015","Chennai","87","Economic Offences","6.4137931034483"
"2016","Chennai","87","Economic Offences","4.8965517241379"
"2017","Chennai","87","Economic Offences","7.6206896551724"
"2018","Chennai","87","Economic Offences","12.068965517241"
"2019","Chennai","87","Economic Offences","9.3218390804598"
"2020","Chennai","87","Economic Offences","8"
"2021","Chennai","87","Economic Offences","9.6551724137931"
"2014","Coimbatore","21.5","Economic Offences","8.7441860465116"
"2015","Coimbatore","21.5","Economic Offences","7.953488372093"
"2016","Coimbatore","21.5","Economic Offences","5.4883720930233"
"2017","Coimbatore","21.5","Economic Offences","6.7441860465116"
"2018","Coimbatore","21.5","Economic Offences","4.9302325581395"
"2019","Coimbatore","21.5","Economic Offences","5.0232558139535"
"2020","Coimbatore","21.5","Economic Offences","4.2790697674419"
"2021","Coimbatore","21.5","Economic Offences","8.4651162790698"
"2014","Delhi","163.1","Economic Offences","31.502145922747"
"2015","Delhi","163.1","Economic Offences","39.215205395463"
"2016","Delhi","163.1","Economic Offences","36.431637032495"
"2017","Delhi","163.1","Economic Offences","29.478847332925"
"2018","Delhi","163.1","Economic Offences","27.400367872471"
"2019","Delhi","163.1","Economic Offences","29.534028203556"
"2020","Delhi","163.1","Economic Offences","27.25321888412"
"2021","Delhi","163.1","Economic Offences","31.281422440221"
"2014","Ghaziabad","23.6","Economic Offences","19.279661016949"
"2015","Ghaziabad","23.6","Economic Offences","18.347457627119"
"2016","Ghaziabad","23.6","Economic Offences","18.601694915254"
"2017","Ghaziabad","23.6","Economic Offences","20.042372881356"
"2018","Ghaziabad","23.6","Economic Offences","23.389830508475"
"2019","Ghaziabad","23.6","Economic Offences","16.016949152542"
"2020","Ghaziabad","23.6","Economic Offences","24.025423728814"
"2021","Ghaziabad","23.6","Economic Offences","25.21186440678"
"2014","Hyderabad","77.5","Economic Offences","35.277419354839"
"2015","Hyderabad","77.5","Economic Offences","30.012903225806"
"2016","Hyderabad","77.5","Economic Offences","28.890322580645"
"2017","Hyderabad","77.5","Economic Offences","26.283870967742"
"2018","Hyderabad","77.5","Economic Offences","23.070967741935"
"2019","Hyderabad","77.5","Economic Offences","24.451612903226"
"2020","Hyderabad","77.5","Economic Offences","44.21935483871"
"2021","Hyderabad","77.5","Economic Offences","62.709677419355"
"2014","Indore","21.7","Economic Offences","10.967741935484"
"2015","Indore","21.7","Economic Offences","9.4470046082949"
"2016","Indore","21.7","Economic Offences","14.700460829493"
"2017","Indore","21.7","Economic Offences","12.165898617512"
"2018","Indore","21.7","Economic Offences","12.350230414747"
"2019","Indore","21.7","Economic Offences","20.921658986175"
"2020","Indore","21.7","Economic Offences","12.58064516129"
"2021","Indore","21.7","Economic Offences","18.202764976959"
"2014","Jaipur","30.7","Economic Offences","161.59609120521"
"2015","Jaipur","30.7","Economic Offences","182.8338762215"
"2016","Jaipur","30.7","Economic Offences","154.46254071661"
"2017","Jaipur","30.7","Economic Offences","140.65146579805"
"2018","Jaipur","30.7","Economic Offences","142.8338762215"
"2019","Jaipur","30.7","Economic Offences","198.92508143322"
"2020","Jaipur","30.7","Economic Offences","104.78827361564"
"2021","Jaipur","30.7","Economic Offences","139.25081433225"
"2014","Kanpur","29.2","Economic Offences","16.027397260274"
"2015","Kanpur","29.2","Economic Offences","14.657534246575"
"2016","Kanpur","29.2","Economic Offences","18.869863013699"
"2017","Kanpur","29.2","Economic Offences","26.198630136986"
"2018","Kanpur","29.2","Economic Offences","26.198630136986"
"2019","Kanpur","29.2","Economic Offences","14.965753424658"
"2020","Kanpur","29.2","Economic Offences","9.6232876712329"
"2021","Kanpur","29.2","Economic Offences","14.828767123288"
"2014","Kochi","21.2","Economic Offences","36.22641509434"
"2015","Kochi","21.2","Economic Offences","28.207547169811"
"2016","Kochi","21.2","Economic Offences","27.216981132075"
"2017","Kochi","21.2","Economic Offences","17.783018867925"
"2018","Kochi","21.2","Economic Offences","21.745283018868"
"2019","Kochi","21.2","Economic Offences","22.122641509434"
"2020","Kochi","21.2","Economic Offences","22.688679245283"
"2021","Kochi","21.2","Economic Offences","20.471698113208"
"2014","Kolkata","141.1","Economic Offences","16.130403968816"
"2015","Kolkata","141.1","Economic Offences","15.386250885897"
"2016","Kolkata","141.1","Economic Offences","15.272856130404"
"2017","Kolkata","141.1","Economic Offences","15.57760453579"
"2018","Kolkata","141.1","Economic Offences","19.3408929837"
"2019","Kolkata","141.1","Economic Offences","16.491849751949"
"2020","Kolkata","141.1","Economic Offences","12.877391920624"
"2021","Kolkata","141.1","Economic Offences","14.720056697378"
"2014","Kozhikode","20.3","Economic Offences","15.024630541872"
"2015","Kozhikode","20.3","Economic Offences","12.955665024631"
"2016","Kozhikode","20.3","Economic Offences","6.9950738916256"
"2017","Kozhikode","20.3","Economic Offences","8.2266009852217"
"2018","Kozhikode","20.3","Economic Offences","6.6009852216749"
"2019","Kozhikode","20.3","Economic Offences","8.5714285714286"
"2020","Kozhikode","20.3","Economic Offences","14.778325123153"
"2021","Kozhikode","20.3","Economic Offences","15.320197044335"
"2014","Lucknow","29","Economic Offences","46.586206896552"
"2015","Lucknow","29","Economic Offences","42.137931034483"
"2016","Lucknow","29","Economic Offences","54.620689655172"
"2017","Lucknow","29","Economic Offences","65.034482758621"
"2018","Lucknow","29","Economic Offences","86.344827586207"
"2019","Lucknow","29","Economic Offences","103.8275862069"
"2020","Lucknow","29","Economic Offences","76.689655172414"
"2021","Lucknow","29","Economic Offences","118.62068965517"
"2014","Mumbai","184.1","Economic Offences","23.275393807713"
"2015","Mumbai","184.1","Economic Offences","24.454101032048"
"2016","Mumbai","184.1","Economic Offences","22.764801738186"
"2017","Mumbai","184.1","Economic Offences","24.236827810972"
"2018","Mumbai","184.1","Economic Offences","26.089082020641"
"2019","Mumbai","184.1","Economic Offences","30.179250407387"
"2020","Mumbai","184.1","Economic Offences","21.330798479087"
"2021","Mumbai","184.1","Economic Offences","30.803910917979"
"2014","Nagpur","25","Economic Offences","18.04"
"2015","Nagpur","25","Economic Offences","18.56"
"2016","Nagpur","25","Economic Offences","18.72"
"2017","Nagpur","25","Economic Offences","20.36"
"2018","Nagpur","25","Economic Offences","21.36"
"2019","Nagpur","25","Economic Offences","18.08"
"2020","Nagpur","25","Economic Offences","20.24"
"2021","Nagpur","25","Economic Offences","21.64"
"2014","Patna","20.5","Economic Offences","56.731707317073"
"2015","Patna","20.5","Economic Offences","78.439024390244"
"2016","Patna","20.5","Economic Offences","63.024390243902"
"2017","Patna","20.5","Economic Offences","7.609756097561"
"2018","Patna","20.5","Economic Offences","61.658536585366"
"2019","Patna","20.5","Economic Offences","74.878048780488"
"2020","Patna","20.5","Economic Offences","49.609756097561"
"2021","Patna","20.5","Economic Offences","57.609756097561"
"2014","Pune","50.5","Economic Offences","17.069306930693"
"2015","Pune","50.5","Economic Offences","17.960396039604"
"2016","Pune","50.5","Economic Offences","21.960396039604"
"2017","Pune","50.5","Economic Offences","20.712871287129"
"2018","Pune","50.5","Economic Offences","15.386138613861"
"2019","Pune","50.5","Economic Offences","18.49504950495"
"2020","Pune","50.5","Economic Offences","9.5049504950495"
"2021","Pune","50.5","Economic Offences","13.960396039604"
"2014","Surat","45.8","Economic Offences","8.296943231441"
"2015","Surat","45.8","Economic Offences","9.1921397379913"
"2016","Surat","45.8","Economic Offences","9.9563318777293"
"2017","Surat","45.8","Economic Offences","15.698689956332"
"2018","Surat","45.8","Economic Offences","18.100436681223"
"2019","Surat","45.8","Economic Offences","17.554585152838"
"2020","Surat","45.8","Economic Offences","8.7554585152838"
"2021","Surat","45.8","Economic Offences","14.475982532751"
"2014","Ahmedabad","63.5","Cyber Crimes","0.50393700787402"
"2015","Ahmedabad","63.5","Cyber Crimes","0.44094488188976"
"2016","Ahmedabad","63.5","Cyber Crimes","1.2125984251969"
"2017","Ahmedabad","63.5","Cyber Crimes","1.7637795275591"
"2018","Ahmedabad","63.5","Cyber Crimes","3.3385826771654"
"2019","Ahmedabad","63.5","Cyber Crimes","2.6929133858268"
"2020","Ahmedabad","63.5","Cyber Crimes","6.6299212598425"
"2021","Ahmedabad","63.5","Cyber Crimes","7.0393700787402"
"2014","Bengaluru","85","Cyber Crimes","7.9411764705882"
"2015","Bengaluru","85","Cyber Crimes","12.258823529412"
"2016","Bengaluru","85","Cyber Crimes","8.9647058823529"
"2017","Bengaluru","85","Cyber Crimes","32.270588235294"
"2018","Bengaluru","85","Cyber Crimes","61.8"
"2019","Bengaluru","85","Cyber Crimes","124.17647058824"
"2020","Bengaluru","85","Cyber Crimes","104.61176470588"
"2021","Bengaluru","85","Cyber Crimes","75.564705882353"
"2014","Chennai","87","Cyber Crimes","0.39080459770115"
"2015","Chennai","87","Cyber Crimes","0.33333333333333"
"2016","Chennai","87","Cyber Crimes","0.29885057471264"
"2017","Chennai","87","Cyber Crimes","0.59770114942529"
"2018","Chennai","87","Cyber Crimes","0.83908045977011"
"2019","Chennai","87","Cyber Crimes","1.3563218390805"
"2020","Chennai","87","Cyber Crimes","2.1379310344828"
"2021","Chennai","87","Cyber Crimes","0.8735632183908"
"2014","Coimbatore","21.5","Cyber Crimes","0.93023255813953"
"2015","Coimbatore","21.5","Cyber Crimes","0.93023255813953"
"2016","Coimbatore","21.5","Cyber Crimes","0.83720930232558"
"2017","Coimbatore","21.5","Cyber Crimes","0.88372093023256"
"2018","Coimbatore","21.5","Cyber Crimes","0.69767441860465"
"2019","Coimbatore","21.5","Cyber Crimes","0.37209302325581"
"2020","Coimbatore","21.5","Cyber Crimes","0.18604651162791"
"2021","Coimbatore","21.5","Cyber Crimes","2.046511627907"
"2014","Delhi","163.1","Cyber Crimes","1.3733905579399"
"2015","Delhi","163.1","Cyber Crimes","1.0361741263029"
"2016","Delhi","163.1","Cyber Crimes","0.55180870631514"
"2017","Delhi","163.1","Cyber Crimes","0.87676272225628"
"2018","Delhi","163.1","Cyber Crimes","0.99938687921521"
"2019","Delhi","163.1","Cyber Crimes","0.65603923973023"
"2020","Delhi","163.1","Cyber Crimes","1.017780502759"
"2021","Delhi","163.1","Cyber Crimes","2.1152667075414"
"2014","Ghaziabad","23.6","Cyber Crimes","2.5847457627119"
"2015","Ghaziabad","23.6","Cyber Crimes","1.0593220338983"
"2016","Ghaziabad","23.6","Cyber Crimes","2.6271186440678"
"2017","Ghaziabad","23.6","Cyber Crimes","5"
"2018","Ghaziabad","23.6","Cyber Crimes","8.0932203389831"
"2019","Ghaziabad","23.6","Cyber Crimes","14.703389830508"
"2020","Ghaziabad","23.6","Cyber Crimes","32.033898305085"
"2021","Ghaziabad","23.6","Cyber Crimes","19.110169491525"
"2014","Hyderabad","77.5","Cyber Crimes","4.9806451612903"
"2015","Hyderabad","77.5","Cyber Crimes","4.7612903225806"
"2016","Hyderabad","77.5","Cyber Crimes","3.7548387096774"
"2017","Hyderabad","77.5","Cyber Crimes","4.2322580645161"
"2018","Hyderabad","77.5","Cyber Crimes","5.5225806451613"
"2019","Hyderabad","77.5","Cyber Crimes","17.793548387097"
"2020","Hyderabad","77.5","Cyber Crimes","32.941935483871"
"2021","Hyderabad","77.5","Cyber Crimes","42.61935483871"
"2014","Indore","21.7","Cyber Crimes","2.9032258064516"
"2015","Indore","21.7","Cyber Crimes","2.9953917050691"
"2016","Indore","21.7","Cyber Crimes","0.96774193548387"
"2017","Indore","21.7","Cyber Crimes","1.4746543778802"
"2018","Indore","21.7","Cyber Crimes","1.7972350230415"
"2019","Indore","21.7","Cyber Crimes","1.889400921659"
"2020","Indore","21.7","Cyber Crimes","2.1198156682028"
"2021","Indore","21.7","Cyber Crimes","1.705069124424"
"2014","Jaipur","30.7","Cyber Crimes","12.182410423453"
"2015","Jaipur","30.7","Cyber Crimes","18.338762214984"
"2016","Jaipur","30.7","Cyber Crimes","17.328990228013"
"2017","Jaipur","30.7","Cyber Crimes","22.312703583062"
"2018","Jaipur","30.7","Cyber Crimes","13.517915309446"
"2019","Jaipur","30.7","Cyber Crimes","17.71986970684"
"2020","Jaipur","30.7","Cyber Crimes","6.2540716612378"
"2021","Jaipur","30.7","Cyber Crimes","8.2736156351792"
"2014","Kanpur","29.2","Cyber Crimes","1.5068493150685"
"2015","Kanpur","29.2","Cyber Crimes","11.575342465753"
"2016","Kanpur","29.2","Cyber Crimes","4.6575342465753"
"2017","Kanpur","29.2","Cyber Crimes","7.8424657534247"
"2018","Kanpur","29.2","Cyber Crimes","7.8424657534247"
"2019","Kanpur","29.2","Cyber Crimes","12.5"
"2020","Kanpur","29.2","Cyber Crimes","10.27397260274"
"2021","Kanpur","29.2","Cyber Crimes","15.376712328767"
"2014","Kochi","21.2","Cyber Crimes","2.9716981132075"
"2015","Kochi","21.2","Cyber Crimes","1.2264150943396"
"2016","Kochi","21.2","Cyber Crimes","1.5566037735849"
"2017","Kochi","21.2","Cyber Crimes","1.8396226415094"
"2018","Kochi","21.2","Cyber Crimes","2.2641509433962"
"2019","Kochi","21.2","Cyber Crimes","2.0283018867925"
"2020","Kochi","21.2","Cyber Crimes","2.9245283018868"
"2021","Kochi","21.2","Cyber Crimes","2.9245283018868"
"2014","Kolkata","141.1","Cyber Crimes","0.69454287739192"
"2015","Kolkata","141.1","Cyber Crimes","0.78667611622962"
"2016","Kolkata","141.1","Cyber Crimes","1.1906449326719"
"2017","Kolkata","141.1","Cyber Crimes","1.3890857547838"
"2018","Kolkata","141.1","Cyber Crimes","0.22678951098512"
"2019","Kolkata","141.1","Cyber Crimes","1.1339475549256"
"2020","Kolkata","141.1","Cyber Crimes","1.218993621545"
"2021","Kolkata","141.1","Cyber Crimes","1.5591778880227"
"2014","Kozhikode","20.3","Cyber Crimes","1.0344827586207"
"2015","Kozhikode","20.3","Cyber Crimes","0.49261083743842"
"2016","Kozhikode","20.3","Cyber Crimes","0.78817733990148"
"2017","Kozhikode","20.3","Cyber Crimes","0.59113300492611"
"2018","Kozhikode","20.3","Cyber Crimes","1.3300492610837"
"2019","Kozhikode","20.3","Cyber Crimes","0.73891625615764"
"2020","Kozhikode","20.3","Cyber Crimes","0.59113300492611"
"2021","Kozhikode","20.3","Cyber Crimes","1.8226600985222"
"2014","Lucknow","29","Cyber Crimes","7.0689655172414"
"2015","Lucknow","29","Cyber Crimes","11.344827586207"
"2016","Lucknow","29","Cyber Crimes","12.448275862069"
"2017","Lucknow","29","Cyber Crimes","20.965517241379"
"2018","Lucknow","29","Cyber Crimes","33.172413793103"
"2019","Lucknow","29","Cyber Crimes","43.51724137931"
"2020","Lucknow","29","Cyber Crimes","50.51724137931"
"2021","Lucknow","29","Cyber Crimes","36.793103448276"
"2014","Mumbai","184.1","Cyber Crimes","3.3025529603476"
"2015","Mumbai","184.1","Cyber Crimes","5.3177620858229"
"2016","Mumbai","184.1","Cyber Crimes","5.3231939163498"
"2017","Mumbai","184.1","Cyber Crimes","7.3981531776209"
"2018","Mumbai","184.1","Cyber Crimes","8.0499728408474"
"2019","Mumbai","184.1","Cyber Crimes","13.726235741445"
"2020","Mumbai","184.1","Cyber Crimes","13.215643671917"
"2021","Mumbai","184.1","Cyber Crimes","15.659967409017"
"2014","Nagpur","25","Cyber Crimes","2.16"
"2015","Nagpur","25","Cyber Crimes","4.08"
"2016","Nagpur","25","Cyber Crimes","3.88"
"2017","Nagpur","25","Cyber Crimes","3.24"
"2018","Nagpur","25","Cyber Crimes","4.24"
"2019","Nagpur","25","Cyber Crimes","4.76"
"2020","Nagpur","25","Cyber Crimes","9.72"
"2021","Nagpur","25","Cyber Crimes","7.68"
"2014","Patna","20.5","Cyber Crimes","4.0975609756098"
"2015","Patna","20.5","Cyber Crimes","9.1219512195122"
"2016","Patna","20.5","Cyber Crimes","8.1463414634146"
"2017","Patna","20.5","Cyber Crimes","3.8536585365854"
"2018","Patna","20.5","Cyber Crimes","5.609756097561"
"2019","Patna","20.5","Cyber Crimes","9.8536585365854"
"2020","Patna","20.5","Cyber Crimes","15.219512195122"
"2021","Patna","20.5","Cyber Crimes","14.829268292683"
"2014","Pune","50.5","Cyber Crimes","2.7722772277228"
"2015","Pune","50.5","Cyber Crimes","1.6831683168317"
"2016","Pune","50.5","Cyber Crimes","5.3267326732673"
"2017","Pune","50.5","Cyber Crimes","6.2970297029703"
"2018","Pune","50.5","Cyber Crimes","3.029702970297"
"2019","Pune","50.5","Cyber Crimes","6.1188118811881"
"2020","Pune","50.5","Cyber Crimes","4.7128712871287"
"2021","Pune","50.5","Cyber Crimes","4.4554455445545"
"2014","Surat","45.8","Cyber Crimes","1.7248908296943"
"2015","Surat","45.8","Cyber Crimes","1.8340611353712"
"2016","Surat","45.8","Cyber Crimes","1.4410480349345"
"2017","Surat","45.8","Cyber Crimes","2.292576419214"
"2018","Surat","45.8","Cyber Crimes","3.3842794759825"
"2019","Surat","45.8","Cyber Crimes","4.9781659388646"
"2020","Surat","45.8","Cyber Crimes","4.4541484716157"
"2021","Surat","45.8","Cyber Crimes","6.4628820960699"
